Player,Match,Runs Scored,Balls Played,Out,Bat SR,50,100,4s Scored,6s Scored,Bat Dot%,Overs Bowled,Runs Given,Wickets Taken,Econ,Bowl Avg,Bowl SR,5W,4s Given,6s Given,Bowl Dot%,next_runs,next_balls,next_overs,next_runs_given,next_wkts
AM Rahane,ipl2015_03,0,8,1,0.0,0,0,0,0,100.0,0.0,0.0,0.0,0.0,0.0,0.0,0.0,0.0,0.0,0.0,47,39,0.0,0.0,0.0
AM Rahane,ipl2015_06,47,39,1,120.5,0,0,2,3,38.5,0.0,0.0,0.0,0.0,0.0,0.0,0.0,0.0,0.0,0.0,46,39,0.0,0.0,0.0
AM Rahane,ipl2015_09,46,39,1,117.9,0,0,4,0,30.8,0.0,0.0,0.0,0.0,0.0,0.0,0.0,0.0,0.0,0.0,62,56,0.0,0.0,0.0
AM Rahane,ipl2015_12,62,56,1,110.7,1,0,9,0,44.6,0.0,0.0,0.0,0.0,0.0,0.0,0.0,0.0,0.0,0.0,76,55,0.0,0.0,0.0
AM Rahane,ipl2015_16,76,55,0,138.2,1,0,6,2,23.6,0.0,0.0,0.0,0.0,0.0,0.0,0.0,0.0,0.0,0.0,74,54,0.0,0.0,0.0
AM Rahane,ipl2015_19,74,54,1,137.0,1,0,6,2,27.8,0.0,0.0,0.0,0.0,0.0,0.0,0.0,0.0,0.0,0.0,18,12,0.0,0.0,0.0
AM Rahane,ipl2015_23,18,12,1,150.0,0,0,2,1,41.7,0.0,0.0,0.0,0.0,0.0,0.0,0.0,0.0,0.0,0.0,16,12,0.0,0.0,0.0
AM Rahane,ipl2015_33,16,12,1,133.3,0,0,2,0,25.0,0.0,0.0,0.0,0.0,0.0,0.0,0.0,0.0,0.0,0.0,91,54,0.0,0.0,0.0
AM Rahane,ipl2015_37,91,54,0,168.5,1,0,9,3,24.1,0.0,0.0,0.0,0.0,0.0,0.0,0.0,0.0,0.0,0.0,8,6,0.0,0.0,0.0
AM Rahane,ipl2015_42,8,6,1,133.3,0,0,2,0,66.7,0.0,0.0,0.0,0.0,0.0,0.0,0.0,0.0,0.0,0.0,23,17,0.0,0.0,0.0
AM Rahane,ipl2015_47,23,17,1,135.3,0,0,4,0,47.1,0.0,0.0,0.0,0.0,0.0,0.0,0.0,0.0,0.0,0.0,37,22,0.0,0.0,0.0
AM Rahane,ipl2015_54,37,22,1,168.2,0,0,3,2,31.8,0.0,0.0,0.0,0.0,0.0,0.0,0.0,0.0,0.0,0.0,42,39,0.0,0.0,0.0
AM Rahane,ipl2015_58,42,39,1,107.7,0,0,4,0,30.8,0.0,0.0,0.0,0.0,0.0,0.0,0.0,0.0,0.0,0.0,66,42,0.0,0.0,0.0
AM Rahane,ipl2016_01,66,42,0,157.1,1,0,7,3,38.1,0.0,0.0,0.0,0.0,0.0,0.0,0.0,0.0,0.0,0.0,21,17,0.0,0.0,0.0
AM Rahane,ipl2016_06,21,17,1,123.5,0,0,4,0,47.1,0.0,0.0,0.0,0.0,0.0,0.0,0.0,0.0,0.0,0.0,9,11,0.0,0.0,0.0
AM Rahane,ipl2016_10,9,11,1,81.8,0,0,2,0,72.7,0.0,0.0,0.0,0.0,0.0,0.0,0.0,0.0,0.0,0.0,60,46,0.0,0.0,0.0
AM Rahane,ipl2016_16,60,46,1,130.4,1,0,8,0,28.3,0.0,0.0,0.0,0.0,0.0,0.0,0.0,0.0,0.0,0.0,67,52,0.0,0.0,0.0
AM Rahane,ipl2016_20,67,52,1,128.8,1,0,4,3,28.8,0.0,0.0,0.0,0.0,0.0,0.0,0.0,0.0,0.0,0.0,0,5,0.0,0.0,0.0
AM Rahane,ipl2016_22,0,5,1,0.0,0,0,0,0,100.0,0.0,0.0,0.0,0.0,0.0,0.0,0.0,0.0,0.0,0.0,53,45,0.0,0.0,0.0
AM Rahane,ipl2016_25,53,45,0,117.8,1,0,5,0,28.9,0.0,0.0,0.0,0.0,0.0,0.0,0.0,0.0,0.0,0.0,4,5,0.0,0.0,0.0
AM Rahane,ipl2016_29,4,5,1,80.0,0,0,0,0,60.0,0.0,0.0,0.0,0.0,0.0,0.0,0.0,0.0,0.0,0.0,63,48,0.0,0.0,0.0
AM Rahane,ipl2016_33,63,48,0,131.2,1,0,7,0,16.7,0.0,0.0,0.0,0.0,0.0,0.0,0.0,0.0,0.0,0.0,74,48,0.0,0.0,0.0
AM Rahane,ipl2016_35,74,48,1,154.2,1,0,8,2,27.1,0.0,0.0,0.0,0.0,0.0,0.0,0.0,0.0,0.0,0.0,0,3,0.0,0.0,0.0
AM Rahane,ipl2016_40,0,3,1,0.0,0,0,0,0,100.0,0.0,0.0,0.0,0.0,0.0,0.0,0.0,0.0,0.0,0.0,2,6,0.0,0.0,0.0
AM Rahane,ipl2016_45,2,6,1,33.3,0,0,0,0,66.7,0.0,0.0,0.0,0.0,0.0,0.0,0.0,0.0,0.0,0.0,42,36,0.0,0.0,0.0
AM Rahane,ipl2016_49,42,36,0,116.7,0,0,5,1,41.7,0.0,0.0,0.0,0.0,0.0,0.0,0.0,0.0,0.0,0.0,19,15,0.0,0.0,0.0
AM Rahane,ipl2016_53,19,15,1,126.7,0,0,4,0,53.3,0.0,0.0,0.0,0.0,0.0,0.0,0.0,0.0,0.0,0.0,60,34,0.0,0.0,0.0
AM Rahane,ipl2017_02,60,34,1,176.5,1,0,6,3,23.5,0.0,0.0,0.0,0.0,0.0,0.0,0.0,0.0,0.0,0.0,19,15,0.0,0.0,0.0
AM Rahane,ipl2017_04,19,15,1,126.7,0,0,1,1,26.7,0.0,0.0,0.0,0.0,0.0,0.0,0.0,0.0,0.0,0.0,10,9,0.0,0.0,0.0
AM Rahane,ipl2017_09,10,9,1,111.1,0,0,0,0,11.1,0.0,0.0,0.0,0.0,0.0,0.0,0.0,0.0,0.0,0.0,0,3,0.0,0.0,0.0
AM Rahane,ipl2017_13,0,3,1,0.0,0,0,0,0,100.0,0.0,0.0,0.0,0.0,0.0,0.0,0.0,0.0,0.0,0.0,30,25,0.0,0.0,0.0
AM Rahane,ipl2017_17,30,25,1,120.0,0,0,5,0,40.0,0.0,0.0,0.0,0.0,0.0,0.0,0.0,0.0,0.0,0.0,2,7,0.0,0.0,0.0
AM Rahane,ipl2017_25,2,7,1,28.6,0,0,0,0,71.4,0.0,0.0,0.0,0.0,0.0,0.0,0.0,0.0,0.0,0.0,38,32,0.0,0.0,0.0
AM Rahane,ipl2017_28,38,32,1,118.8,0,0,5,1,46.9,0.0,0.0,0.0,0.0,0.0,0.0,0.0,0.0,0.0,0.0,46,41,0.0,0.0,0.0
AM Rahane,ipl2017_30,46,41,1,112.2,0,0,4,1,34.1,0.0,0.0,0.0,0.0,0.0,0.0,0.0,0.0,0.0,0.0,6,8,0.0,0.0,0.0
AM Rahane,ipl2017_34,6,8,1,75.0,0,0,0,0,37.5,0.0,0.0,0.0,0.0,0.0,0.0,0.0,0.0,0.0,0.0,4,4,0.0,0.0,0.0
AM Rahane,ipl2017_39,4,4,1,100.0,0,0,1,0,75.0,0.0,0.0,0.0,0.0,0.0,0.0,0.0,0.0,0.0,0.0,11,9,0.0,0.0,0.0
AM Rahane,ipl2017_41,11,9,1,122.2,0,0,2,0,55.6,0.0,0.0,0.0,0.0,0.0,0.0,0.0,0.0,0.0,0.0,22,20,0.0,0.0,0.0
AM Rahane,ipl2017_44,22,20,1,110.0,0,0,0,1,25.0,0.0,0.0,0.0,0.0,0.0,0.0,0.0,0.0,0.0,0.0,0,1,0.0,0.0,0.0
AM Rahane,ipl2017_52,0,1,1,0.0,0,0,0,0,100.0,0.0,0.0,0.0,0.0,0.0,0.0,0.0,0.0,0.0,0.0,34,34,0.0,0.0,0.0
AM Rahane,ipl2017_55,34,34,0,100.0,0,0,1,1,32.4,0.0,0.0,0.0,0.0,0.0,0.0,0.0,0.0,0.0,0.0,56,43,0.0,0.0,0.0
AM Rahane,ipl2017_57,56,43,1,130.2,1,0,5,1,27.9,0.0,0.0,0.0,0.0,0.0,0.0,0.0,0.0,0.0,0.0,44,38,0.0,0.0,0.0
AM Rahane,ipl2017_60,44,38,1,115.8,0,0,5,0,36.8,0.0,0.0,0.0,0.0,0.0,0.0,0.0,0.0,0.0,0.0,13,13,0.0,0.0,0.0
AM Rahane,ipl2018_04,13,13,1,100.0,0,0,2,0,46.2,0.0,0.0,0.0,0.0,0.0,0.0,0.0,0.0,0.0,0.0,45,40,0.0,0.0,0.0
AM Rahane,ipl2018_06,45,40,1,112.5,0,0,5,0,37.5,0.0,0.0,0.0,0.0,0.0,0.0,0.0,0.0,0.0,0.0,36,20,0.0,0.0,0.0
AM Rahane,ipl2018_11,36,20,1,180.0,0,0,6,1,35.0,0.0,0.0,0.0,0.0,0.0,0.0,0.0,0.0,0.0,0.0,36,19,0.0,0.0,0.0
AM Rahane,ipl2018_15,36,19,1,189.5,0,0,5,1,15.8,0.0,0.0,0.0,0.0,0.0,0.0,0.0,0.0,0.0,0.0,16,11,0.0,0.0,0.0
AM Rahane,ipl2018_17,16,11,1,145.5,0,0,1,1,36.4,0.0,0.0,0.0,0.0,0.0,0.0,0.0,0.0,0.0,0.0,14,17,0.0,0.0,0.0
AM Rahane,ipl2018_21,14,17,1,82.4,0,0,1,0,41.2,0.0,0.0,0.0,0.0,0.0,0.0,0.0,0.0,0.0,0.0,65,53,0.0,0.0,0.0
AM Rahane,ipl2018_28,65,53,0,122.6,1,0,5,1,22.6,0.0,0.0,0.0,0.0,0.0,0.0,0.0,0.0,0.0,0.0,5,7,0.0,0.0,0.0
AM Rahane,ipl2018_38,5,7,1,71.4,0,0,0,0,28.6,0.0,0.0,0.0,0.0,0.0,0.0,0.0,0.0,0.0,0.0,9,10,0.0,0.0,0.0
AM Rahane,ipl2018_40,9,10,1,90.0,0,0,1,0,40.0,0.0,0.0,0.0,0.0,0.0,0.0,0.0,0.0,0.0,0.0,4,3,0.0,0.0,0.0
AM Rahane,ipl2018_43,4,3,1,133.3,0,0,1,0,66.7,0.0,0.0,0.0,0.0,0.0,0.0,0.0,0.0,0.0,0.0,37,36,0.0,0.0,0.0
AM Rahane,ipl2018_47,37,36,1,102.8,0,0,4,0,33.3,0.0,0.0,0.0,0.0,0.0,0.0,0.0,0.0,0.0,0.0,11,12,0.0,0.0,0.0
AM Rahane,ipl2018_49,11,12,1,91.7,0,0,1,0,58.3,0.0,0.0,0.0,0.0,0.0,0.0,0.0,0.0,0.0,0.0,33,31,0.0,0.0,0.0
AM Rahane,ipl2018_53,33,31,1,106.5,0,0,3,0,25.8,0.0,0.0,0.0,0.0,0.0,0.0,0.0,0.0,0.0,0.0,46,41,0.0,0.0,0.0
AM Rahane,ipl2018_58,46,41,1,112.2,0,0,4,1,36.6,0.0,0.0,0.0,0.0,0.0,0.0,0.0,0.0,0.0,0.0,27,20,0.0,0.0,0.0
AM Rahane,ipl2019_04,27,20,1,135.0,0,0,4,0,30.0,0.0,0.0,0.0,0.0,0.0,0.0,0.0,0.0,0.0,0.0,70,49,0.0,0.0,0.0
AM Rahane,ipl2019_08,70,49,1,142.9,1,0,4,3,28.6,0.0,0.0,0.0,0.0,0.0,0.0,0.0,0.0,0.0,0.0,0,2,0.0,0.0,0.0
AM Rahane,ipl2019_12,0,2,1,0.0,0,0,0,0,100.0,0.0,0.0,0.0,0.0,0.0,0.0,0.0,0.0,0.0,0.0,22,20,0.0,0.0,0.0
AM Rahane,ipl2019_14,22,20,1,110.0,0,0,4,0,50.0,0.0,0.0,0.0,0.0,0.0,0.0,0.0,0.0,0.0,0.0,5,7,0.0,0.0,0.0
AM Rahane,ipl2019_21,5,7,1,71.4,0,0,1,0,71.4,0.0,0.0,0.0,0.0,0.0,0.0,0.0,0.0,0.0,0.0,14,11,0.0,0.0,0.0
AM Rahane,ipl2019_25,14,11,1,127.3,0,0,3,0,54.5,0.0,0.0,0.0,0.0,0.0,0.0,0.0,0.0,0.0,0.0,37,21,0.0,0.0,0.0
AM Rahane,ipl2019_27,37,21,1,176.2,0,0,6,1,38.1,0.0,0.0,0.0,0.0,0.0,0.0,0.0,0.0,0.0,0.0,26,21,0.0,0.0,0.0
AM Rahane,ipl2019_32,26,21,1,123.8,0,0,1,0,14.3,0.0,0.0,0.0,0.0,0.0,0.0,0.0,0.0,0.0,0.0,12,12,0.0,0.0,0.0
AM Rahane,ipl2019_36,12,12,1,100.0,0,0,2,0,50.0,0.0,0.0,0.0,0.0,0.0,0.0,0.0,0.0,0.0,0.0,105,63,0.0,0.0,0.0
AM Rahane,ipl2019_40,105,63,0,166.7,0,1,11,3,23.8,0.0,0.0,0.0,0.0,0.0,0.0,0.0,0.0,0.0,0.0,34,21,0.0,0.0,0.0
AM Rahane,ipl2019_43,34,21,1,161.9,0,0,5,1,38.1,0.0,0.0,0.0,0.0,0.0,0.0,0.0,0.0,0.0,0.0,39,34,0.0,0.0,0.0
AM Rahane,ipl2019_45,39,34,1,114.7,0,0,4,1,47.1,0.0,0.0,0.0,0.0,0.0,0.0,0.0,0.0,0.0,0.0,2,4,0.0,0.0,0.0
AM Rahane,ipl2019_53,2,4,1,50.0,0,0,0,0,50.0,0.0,0.0,0.0,0.0,0.0,0.0,0.0,0.0,0.0,0.0,15,15,0.0,0.0,0.0
AM Rahane,ipl2020_27,15,15,1,100.0,0,0,3,0,66.7,0.0,0.0,0.0,0.0,0.0,0.0,0.0,0.0,0.0,0.0,2,9,0.0,0.0,0.0
AM Rahane,ipl2020_30,2,9,1,22.2,0,0,0,0,77.8,0.0,0.0,0.0,0.0,0.0,0.0,0.0,0.0,0.0,0.0,8,10,0.0,0.0,0.0
AM Rahane,ipl2020_34,8,10,1,80.0,0,0,1,0,50.0,0.0,0.0,0.0,0.0,0.0,0.0,0.0,0.0,0.0,0.0,0,1,0.0,0.0,0.0
AM Rahane,ipl2020_42,0,1,1,0.0,0,0,0,0,100.0,0.0,0.0,0.0,0.0,0.0,0.0,0.0,0.0,0.0,0.0,26,19,0.0,0.0,0.0
AM Rahane,ipl2020_47,26,19,1,136.8,0,0,3,1,36.8,0.0,0.0,0.0,0.0,0.0,0.0,0.0,0.0,0.0,0.0,60,46,0.0,0.0,0.0
AM Rahane,ipl2020_55,60,46,1,130.4,1,0,5,1,26.1,0.0,0.0,0.0,0.0,0.0,0.0,0.0,0.0,0.0,0.0,0,3,0.0,0.0,0.0
AM Rahane,ipl2020_57,0,3,1,0.0,0,0,0,0,100.0,0.0,0.0,0.0,0.0,0.0,0.0,0.0,0.0,0.0,0.0,2,4,0.0,0.0,0.0
AM Rahane,ipl2020_60,2,4,1,50.0,0,0,0,0,50.0,0.0,0.0,0.0,0.0,0.0,0.0,0.0,0.0,0.0,0.0,8,8,0.0,0.0,0.0
AM Rahane,ipl2021_07,8,8,1,100.0,0,0,1,0,50.0,0.0,0.0,0.0,0.0,0.0,0.0,0.0,0.0,0.0,0.0,44,34,0.0,0.0,0.0
AM Rahane,ipl2022_01,44,34,1,129.4,0,0,6,1,44.1,0.0,0.0,0.0,0.0,0.0,0.0,0.0,0.0,0.0,0.0,9,10,0.0,0.0,0.0
AM Rahane,ipl2022_06,9,10,1,90.0,0,0,1,0,50.0,0.0,0.0,0.0,0.0,0.0,0.0,0.0,0.0,0.0,0.0,12,11,0.0,0.0,0.0
AM Rahane,ipl2022_08,12,11,1,109.1,0,0,3,0,72.7,0.0,0.0,0.0,0.0,0.0,0.0,0.0,0.0,0.0,0.0,7,11,0.0,0.0,0.0
AM Rahane,ipl2022_14,7,11,1,63.6,0,0,0,0,45.5,0.0,0.0,0.0,0.0,0.0,0.0,0.0,0.0,0.0,0.0,8,14,0.0,0.0,0.0
AM Rahane,ipl2022_19,8,14,1,57.1,0,0,1,0,64.3,0.0,0.0,0.0,0.0,0.0,0.0,0.0,0.0,0.0,0.0,25,24,0.0,0.0,0.0
AM Rahane,ipl2022_56,25,24,1,104.2,0,0,3,0,33.3,0.0,0.0,0.0,0.0,0.0,0.0,0.0,0.0,0.0,0.0,28,24,0.0,0.0,0.0
AM Rahane,ipl2022_61,28,24,1,116.7,0,0,0,3,50.0,0.0,0.0,0.0,0.0,0.0,0.0,0.0,0.0,0.0,0.0,61,27,0.0,0.0,0.0
AM Rahane,ipl2023_12,61,27,1,225.9,1,0,7,3,14.8,0.0,0.0,0.0,0.0,0.0,0.0,0.0,0.0,0.0,0.0,31,19,0.0,0.0,0.0
AM Rahane,ipl2023_17,31,19,1,163.2,0,0,2,1,21.1,0.0,0.0,0.0,0.0,0.0,0.0,0.0,0.0,0.0,0.0,37,20,0.0,0.0,0.0
AM Rahane,ipl2023_24,37,20,1,185.0,0,0,3,2,25.0,0.0,0.0,0.0,0.0,0.0,0.0,0.0,0.0,0.0,0.0,9,10,0.0,0.0,0.0
AM Rahane,ipl2023_29,9,10,1,90.0,0,0,0,0,20.0,0.0,0.0,0.0,0.0,0.0,0.0,0.0,0.0,0.0,0.0,71,29,0.0,0.0,0.0
AM Rahane,ipl2023_33,71,29,0,244.8,1,0,6,5,10.3,0.0,0.0,0.0,0.0,0.0,0.0,0.0,0.0,0.0,0.0,15,13,0.0,0.0,0.0
AM Rahane,ipl2023_37,15,13,1,115.4,0,0,0,0,7.7,0.0,0.0,0.0,0.0,0.0,0.0,0.0,0.0,0.0,0.0,21,17,0.0,0.0,0.0
AM Rahane,ipl2023_49,21,17,1,123.5,0,0,1,1,35.3,0.0,0.0,0.0,0.0,0.0,0.0,0.0,0.0,0.0,0.0,21,20,0.0,0.0,0.0
AM Rahane,ipl2023_55,21,20,1,105.0,0,0,2,0,25.0,0.0,0.0,0.0,0.0,0.0,0.0,0.0,0.0,0.0,0.0,16,11,0.0,0.0,0.0
AM Rahane,ipl2023_61,16,11,1,145.5,0,0,1,1,27.3,0.0,0.0,0.0,0.0,0.0,0.0,0.0,0.0,0.0,0.0,30,17,0.0,0.0,0.0
AM Rahane,smat2022_033,30,17,1,176.5,0,0,4,1,23.5,0.0,0.0,0.0,0.0,0.0,0.0,0.0,0.0,0.0,0.0,12,11,0.0,0.0,0.0
AM Rahane,smat2022_094,12,11,1,109.1,0,0,2,0,54.5,0.0,0.0,0.0,0.0,0.0,0.0,0.0,0.0,0.0,0.0,21,22,0.0,0.0,0.0
AM Rahane,smat2022_133,21,22,1,95.5,0,0,3,0,45.5,0.0,0.0,0.0,0.0,0.0,0.0,0.0,0.0,0.0,0.0,5,4,0.0,0.0,0.0
AM Rahane,smat2022_135,5,4,1,125.0,0,0,1,0,50.0,0.0,0.0,0.0,0.0,0.0,0.0,0.0,0.0,0.0,0.0,1,5,0.0,0.0,0.0
AM Rahane,smat2022_136,1,5,1,20.0,0,0,0,0,80.0,0.0,0.0,0.0,0.0,0.0,0.0,0.0,0.0,0.0,0.0,0,0,0,0,0
RD Gaikwad,ipl2020_04,0,1,1,0.0,0,0,0,0,100.0,0.0,0.0,0.0,0.0,0.0,0.0,0.0,0.0,0.0,0.0,5,10,0.0,0.0,0.0
RD Gaikwad,ipl2020_07,5,10,0,50.0,0,0,0,0,50.0,0.0,0.0,0.0,0.0,0.0,0.0,0.0,0.0,0.0,0.0,0,5,0.0,0.0,0.0
RD Gaikwad,ipl2020_41,0,5,1,0.0,0,0,0,0,100.0,0.0,0.0,0.0,0.0,0.0,0.0,0.0,0.0,0.0,0.0,65,51,0.0,0.0,0.0
RD Gaikwad,ipl2020_44,65,51,0,127.5,1,0,4,3,33.3,0.0,0.0,0.0,0.0,0.0,0.0,0.0,0.0,0.0,0.0,72,53,0.0,0.0,0.0
RD Gaikwad,ipl2020_49,72,53,1,135.8,1,0,6,2,22.6,0.0,0.0,0.0,0.0,0.0,0.0,0.0,0.0,0.0,0.0,62,49,0.0,0.0,0.0
RD Gaikwad,ipl2020_53,62,49,0,126.5,1,0,6,1,34.7,0.0,0.0,0.0,0.0,0.0,0.0,0.0,0.0,0.0,0.0,5,8,0.0,0.0,0.0
RD Gaikwad,ipl2021_02,5,8,1,62.5,0,0,1,0,75.0,0.0,0.0,0.0,0.0,0.0,0.0,0.0,0.0,0.0,0.0,5,16,0.0,0.0,0.0
RD Gaikwad,ipl2021_08,5,16,1,31.2,0,0,0,0,68.8,0.0,0.0,0.0,0.0,0.0,0.0,0.0,0.0,0.0,0.0,10,13,0.0,0.0,0.0
RD Gaikwad,ipl2021_12,10,13,1,76.9,0,0,1,0,46.2,0.0,0.0,0.0,0.0,0.0,0.0,0.0,0.0,0.0,0.0,64,42,0.0,0.0,0.0
RD Gaikwad,ipl2021_15,64,42,1,152.4,1,0,6,4,38.1,0.0,0.0,0.0,0.0,0.0,0.0,0.0,0.0,0.0,0.0,33,25,0.0,0.0,0.0
RD Gaikwad,ipl2021_19,33,25,1,132.0,0,0,4,1,40.0,0.0,0.0,0.0,0.0,0.0,0.0,0.0,0.0,0.0,0.0,75,44,0.0,0.0,0.0
RD Gaikwad,ipl2021_23,75,44,1,170.5,1,0,12,0,25.0,0.0,0.0,0.0,0.0,0.0,0.0,0.0,0.0,0.0,0.0,4,4,0.0,0.0,0.0
RD Gaikwad,ipl2021_27,4,4,1,100.0,0,0,1,0,75.0,0.0,0.0,0.0,0.0,0.0,0.0,0.0,0.0,0.0,0.0,88,58,0.0,0.0,0.0
RD Gaikwad,ipl2021_30,88,58,0,151.7,1,0,9,4,36.2,0.0,0.0,0.0,0.0,0.0,0.0,0.0,0.0,0.0,0.0,38,26,0.0,0.0,0.0
RD Gaikwad,ipl2021_35,38,26,1,146.2,0,0,4,1,26.9,0.0,0.0,0.0,0.0,0.0,0.0,0.0,0.0,0.0,0.0,40,28,0.0,0.0,0.0
RD Gaikwad,ipl2021_38,40,28,1,142.9,0,0,2,3,39.3,0.0,0.0,0.0,0.0,0.0,0.0,0.0,0.0,0.0,0.0,45,38,0.0,0.0,0.0
RD Gaikwad,ipl2021_44,45,38,1,118.4,0,0,4,2,47.4,0.0,0.0,0.0,0.0,0.0,0.0,0.0,0.0,0.0,0.0,101,60,0.0,0.0,0.0
RD Gaikwad,ipl2021_47,101,60,0,168.3,0,1,9,5,25.0,0.0,0.0,0.0,0.0,0.0,0.0,0.0,0.0,0.0,0.0,13,13,0.0,0.0,0.0
RD Gaikwad,ipl2021_50,13,13,1,100.0,0,0,2,0,53.8,0.0,0.0,0.0,0.0,0.0,0.0,0.0,0.0,0.0,0.0,12,14,0.0,0.0,0.0
RD Gaikwad,ipl2021_53,12,14,1,85.7,0,0,1,0,42.9,0.0,0.0,0.0,0.0,0.0,0.0,0.0,0.0,0.0,0.0,70,50,0.0,0.0,0.0
RD Gaikwad,ipl2021_57,70,50,1,140.0,1,0,5,2,20.0,0.0,0.0,0.0,0.0,0.0,0.0,0.0,0.0,0.0,0.0,32,27,0.0,0.0,0.0
RD Gaikwad,ipl2021_60,32,27,1,118.5,0,0,3,1,37.0,0.0,0.0,0.0,0.0,0.0,0.0,0.0,0.0,0.0,0.0,0,4,0.0,0.0,0.0
RD Gaikwad,ipl2022_01,0,4,1,0.0,0,0,0,0,100.0,0.0,0.0,0.0,0.0,0.0,0.0,0.0,0.0,0.0,0.0,1,4,0.0,0.0,0.0
RD Gaikwad,ipl2022_07,1,4,1,25.0,0,0,0,0,75.0,0.0,0.0,0.0,0.0,0.0,0.0,0.0,0.0,0.0,0.0,1,4,0.0,0.0,0.0
RD Gaikwad,ipl2022_11,1,4,1,25.0,0,0,0,0,75.0,0.0,0.0,0.0,0.0,0.0,0.0,0.0,0.0,0.0,0.0,16,13,0.0,0.0,0.0
RD Gaikwad,ipl2022_17,16,13,1,123.1,0,0,3,0,53.8,0.0,0.0,0.0,0.0,0.0,0.0,0.0,0.0,0.0,0.0,17,16,0.0,0.0,0.0
RD Gaikwad,ipl2022_22,17,16,1,106.2,0,0,3,0,56.2,0.0,0.0,0.0,0.0,0.0,0.0,0.0,0.0,0.0,0.0,73,48,0.0,0.0,0.0
RD Gaikwad,ipl2022_29,73,48,1,152.1,1,0,5,5,35.4,0.0,0.0,0.0,0.0,0.0,0.0,0.0,0.0,0.0,0.0,0,1,0.0,0.0,0.0
RD Gaikwad,ipl2022_33,0,1,1,0.0,0,0,0,0,100.0,0.0,0.0,0.0,0.0,0.0,0.0,0.0,0.0,0.0,0.0,30,27,0.0,0.0,0.0
RD Gaikwad,ipl2022_38,30,27,1,111.1,0,0,4,0,33.3,0.0,0.0,0.0,0.0,0.0,0.0,0.0,0.0,0.0,0.0,99,57,0.0,0.0,0.0
RD Gaikwad,ipl2022_46,99,57,1,173.7,1,0,6,6,24.6,0.0,0.0,0.0,0.0,0.0,0.0,0.0,0.0,0.0,0.0,28,23,0.0,0.0,0.0
RD Gaikwad,ipl2022_49,28,23,1,121.7,0,0,3,1,43.5,0.0,0.0,0.0,0.0,0.0,0.0,0.0,0.0,0.0,0.0,41,33,0.0,0.0,0.0
RD Gaikwad,ipl2022_55,41,33,1,124.2,0,0,4,1,27.3,0.0,0.0,0.0,0.0,0.0,0.0,0.0,0.0,0.0,0.0,7,6,0.0,0.0,0.0
RD Gaikwad,ipl2022_59,7,6,1,116.7,0,0,1,0,33.3,0.0,0.0,0.0,0.0,0.0,0.0,0.0,0.0,0.0,0.0,53,49,0.0,0.0,0.0
RD Gaikwad,ipl2022_62,53,49,1,108.2,1,0,4,1,32.7,0.0,0.0,0.0,0.0,0.0,0.0,0.0,0.0,0.0,0.0,2,6,0.0,0.0,0.0
RD Gaikwad,ipl2022_68,2,6,1,33.3,0,0,0,0,83.3,0.0,0.0,0.0,0.0,0.0,0.0,0.0,0.0,0.0,0.0,92,50,0.0,0.0,0.0
RD Gaikwad,ipl2023_01,92,50,1,184.0,1,0,4,9,32.0,0.0,0.0,0.0,0.0,0.0,0.0,0.0,0.0,0.0,0.0,57,31,0.0,0.0,0.0
RD Gaikwad,ipl2023_06,57,31,1,183.9,1,0,3,4,22.6,0.0,0.0,0.0,0.0,0.0,0.0,0.0,0.0,0.0,0.0,40,36,0.0,0.0,0.0
RD Gaikwad,ipl2023_12,40,36,0,111.1,0,0,2,1,27.8,0.0,0.0,0.0,0.0,0.0,0.0,0.0,0.0,0.0,0.0,8,10,0.0,0.0,0.0
RD Gaikwad,ipl2023_17,8,10,1,80.0,0,0,1,0,60.0,0.0,0.0,0.0,0.0,0.0,0.0,0.0,0.0,0.0,0.0,3,6,0.0,0.0,0.0
RD Gaikwad,ipl2023_24,3,6,1,50.0,0,0,0,0,50.0,0.0,0.0,0.0,0.0,0.0,0.0,0.0,0.0,0.0,0.0,35,30,0.0,0.0,0.0
RD Gaikwad,ipl2023_29,35,30,0,116.7,0,0,2,0,26.7,0.0,0.0,0.0,0.0,0.0,0.0,0.0,0.0,0.0,0.0,35,20,0.0,0.0,0.0
RD Gaikwad,ipl2023_33,35,20,1,175.0,0,0,2,3,40.0,0.0,0.0,0.0,0.0,0.0,0.0,0.0,0.0,0.0,0.0,47,29,0.0,0.0,0.0
RD Gaikwad,ipl2023_37,47,29,1,162.1,0,0,5,1,20.7,0.0,0.0,0.0,0.0,0.0,0.0,0.0,0.0,0.0,0.0,37,31,0.0,0.0,0.0
RD Gaikwad,ipl2023_42,37,31,1,119.4,0,0,4,1,38.7,0.0,0.0,0.0,0.0,0.0,0.0,0.0,0.0,0.0,0.0,30,16,0.0,0.0,0.0
RD Gaikwad,ipl2023_49,30,16,1,187.5,0,0,4,2,50.0,0.0,0.0,0.0,0.0,0.0,0.0,0.0,0.0,0.0,0.0,24,18,0.0,0.0,0.0
RD Gaikwad,ipl2023_55,24,18,1,133.3,0,0,4,0,38.9,0.0,0.0,0.0,0.0,0.0,0.0,0.0,0.0,0.0,0.0,17,13,0.0,0.0,0.0
RD Gaikwad,ipl2023_61,17,13,1,130.8,0,0,2,0,30.8,0.0,0.0,0.0,0.0,0.0,0.0,0.0,0.0,0.0,0.0,51,30,0.0,0.0,0.0
RD Gaikwad,smat2021_2_002,51,30,1,170.0,1,0,8,1,36.7,0.0,0.0,0.0,0.0,0.0,0.0,0.0,0.0,0.0,0.0,80,54,0.0,0.0,0.0
RD Gaikwad,smat2021_2_021,80,54,1,148.1,1,0,8,3,33.3,0.0,0.0,0.0,0.0,0.0,0.0,0.0,0.0,0.0,0.0,44,34,0.0,0.0,0.0
RD Gaikwad,smat2021_2_090,44,34,1,129.4,0,0,6,0,26.5,0.0,0.0,0.0,0.0,0.0,0.0,0.0,0.0,0.0,0.0,0,0,0,0,0
DP Conway,ipl2022_01,3,8,1,37.5,0,0,0,0,62.5,0.0,0.0,0.0,0.0,0.0,0.0,0.0,0.0,0.0,0.0,85,55,0.0,0.0,0.0
DP Conway,ipl2022_46,85,55,0,154.5,1,0,8,4,32.7,0.0,0.0,0.0,0.0,0.0,0.0,0.0,0.0,0.0,0.0,56,37,0.0,0.0,0.0
DP Conway,ipl2022_49,56,37,1,151.4,1,0,6,2,27.0,0.0,0.0,0.0,0.0,0.0,0.0,0.0,0.0,0.0,0.0,87,49,0.0,0.0,0.0
DP Conway,ipl2022_55,87,49,1,177.6,1,0,8,5,22.4,0.0,0.0,0.0,0.0,0.0,0.0,0.0,0.0,0.0,0.0,0,1,0.0,0.0,0.0
DP Conway,ipl2022_59,0,1,1,0.0,0,0,0,0,100.0,0.0,0.0,0.0,0.0,0.0,0.0,0.0,0.0,0.0,0.0,5,9,0.0,0.0,0.0
DP Conway,ipl2022_62,5,9,1,55.6,0,0,0,0,66.7,0.0,0.0,0.0,0.0,0.0,0.0,0.0,0.0,0.0,0.0,16,14,0.0,0.0,0.0
DP Conway,ipl2022_68,16,14,1,114.3,0,0,1,1,50.0,0.0,0.0,0.0,0.0,0.0,0.0,0.0,0.0,0.0,0.0,1,6,0.0,0.0,0.0
DP Conway,ipl2023_01,1,6,1,16.7,0,0,0,0,83.3,0.0,0.0,0.0,0.0,0.0,0.0,0.0,0.0,0.0,0.0,47,29,0.0,0.0,0.0
DP Conway,ipl2023_06,47,29,1,162.1,0,0,5,2,31.0,0.0,0.0,0.0,0.0,0.0,0.0,0.0,0.0,0.0,0.0,0,4,0.0,0.0,0.0
DP Conway,ipl2023_12,0,4,1,0.0,0,0,0,0,100.0,0.0,0.0,0.0,0.0,0.0,0.0,0.0,0.0,0.0,0.0,50,38,0.0,0.0,0.0
DP Conway,ipl2023_17,50,38,1,131.6,1,0,6,0,28.9,0.0,0.0,0.0,0.0,0.0,0.0,0.0,0.0,0.0,0.0,83,45,0.0,0.0,0.0
DP Conway,ipl2023_24,83,45,1,184.4,1,0,6,6,28.9,0.0,0.0,0.0,0.0,0.0,0.0,0.0,0.0,0.0,0.0,77,57,0.0,0.0,0.0
DP Conway,ipl2023_29,77,57,0,135.1,1,0,12,1,38.6,0.0,0.0,0.0,0.0,0.0,0.0,0.0,0.0,0.0,0.0,56,40,0.0,0.0,0.0
DP Conway,ipl2023_33,56,40,1,140.0,1,0,4,3,40.0,0.0,0.0,0.0,0.0,0.0,0.0,0.0,0.0,0.0,0.0,8,16,0.0,0.0,0.0
DP Conway,ipl2023_37,8,16,1,50.0,0,0,1,0,68.8,0.0,0.0,0.0,0.0,0.0,0.0,0.0,0.0,0.0,0.0,92,52,0.0,0.0,0.0
DP Conway,ipl2023_42,92,52,0,176.9,1,0,16,1,28.8,0.0,0.0,0.0,0.0,0.0,0.0,0.0,0.0,0.0,0.0,44,42,0.0,0.0,0.0
DP Conway,ipl2023_49,44,42,1,104.8,0,0,4,0,31.0,0.0,0.0,0.0,0.0,0.0,0.0,0.0,0.0,0.0,0.0,10,13,0.0,0.0,0.0
DP Conway,ipl2023_55,10,13,1,76.9,0,0,1,0,53.8,0.0,0.0,0.0,0.0,0.0,0.0,0.0,0.0,0.0,0.0,30,28,0.0,0.0,0.0
DP Conway,ipl2023_61,30,28,1,107.1,0,0,3,0,35.7,0.0,0.0,0.0,0.0,0.0,0.0,0.0,0.0,0.0,0.0,53,36,0.0,0.0,0.0
DP Conway,ssnz2017_07,53,36,1,147.2,1,0,7,1,36.1,0.0,0.0,0.0,0.0,0.0,0.0,0.0,0.0,0.0,0.0,19,11,0.0,0.0,0.0
DP Conway,ssnz2017_10,19,11,1,172.7,0,0,1,1,9.1,0.0,0.0,0.0,0.0,0.0,0.0,0.0,0.0,0.0,0.0,6,3,0.0,0.0,0.0
DP Conway,ssnz2017_15,6,3,0,200.0,0,0,1,0,0.0,0.0,0.0,0.0,0.0,0.0,0.0,0.0,0.0,0.0,0.0,6,10,0.0,0.0,0.0
DP Conway,ssnz2017_23,6,10,1,60.0,0,0,1,0,70.0,0.0,0.0,0.0,0.0,0.0,0.0,0.0,0.0,0.0,0.0,49,34,0.0,0.0,0.0
DP Conway,ssnz2017_27,49,34,1,144.1,0,0,6,2,38.2,0.0,0.0,0.0,0.0,0.0,0.0,0.0,0.0,0.0,0.0,32,23,0.0,0.0,0.0
DP Conway,ssnz2017_29,32,23,0,139.1,0,0,1,2,26.1,0.0,0.0,0.0,0.0,0.0,0.0,0.0,0.0,0.0,0.0,45,23,0.0,0.0,0.0
DP Conway,ssnz2018_01,45,23,1,195.7,0,0,8,1,34.8,0.0,0.0,0.0,0.0,0.0,0.0,0.0,0.0,0.0,0.0,47,37,0.0,0.0,0.0
DP Conway,ssnz2018_05,47,37,0,127.0,0,0,6,0,43.2,0.0,0.0,0.0,0.0,0.0,0.0,0.0,0.0,0.0,0.0,44,37,0.0,0.0,0.0
DP Conway,ssnz2018_08,44,37,1,118.9,0,0,7,0,45.9,0.0,0.0,0.0,0.0,0.0,0.0,0.0,0.0,0.0,0.0,25,21,0.0,0.0,0.0
DP Conway,ssnz2018_12,25,21,1,119.0,0,0,4,0,47.6,0.0,0.0,0.0,0.0,0.0,0.0,0.0,0.0,0.0,0.0,14,15,0.0,0.0,0.0
DP Conway,ssnz2018_15,14,15,1,93.3,0,0,3,0,66.7,0.0,0.0,0.0,0.0,0.0,0.0,0.0,0.0,0.0,0.0,33,26,0.0,0.0,0.0
DP Conway,ssnz2018_19,33,26,1,126.9,0,0,4,0,26.9,0.0,0.0,0.0,0.0,0.0,0.0,0.0,0.0,0.0,0.0,105,60,0.0,0.0,0.0
DP Conway,ssnz2018_24,105,60,0,175.0,0,1,10,5,16.7,0.0,0.0,0.0,0.0,0.0,0.0,0.0,0.0,0.0,0.0,39,22,0.0,0.0,0.0
DP Conway,ssnz2018_25,39,22,1,177.3,0,0,6,1,40.9,0.0,0.0,0.0,0.0,0.0,0.0,0.0,0.0,0.0,0.0,11,9,0.0,0.0,0.0
DP Conway,ssnz2018_28,11,9,1,122.2,0,0,2,0,55.6,0.0,0.0,0.0,0.0,0.0,0.0,0.0,0.0,0.0,0.0,2,10,0.0,0.0,0.0
DP Conway,ssnz2019_06,2,10,1,20.0,0,0,0,0,80.0,0.0,0.0,0.0,0.0,0.0,0.0,0.0,0.0,0.0,0.0,63,48,0.0,0.0,0.0
DP Conway,ssnz2019_09,63,48,0,131.2,1,0,7,0,20.8,0.0,0.0,0.0,0.0,0.0,0.0,0.0,0.0,0.0,0.0,89,50,0.0,0.0,0.0
DP Conway,ssnz2019_12,89,50,1,178.0,1,0,11,4,30.0,0.0,0.0,0.0,0.0,0.0,0.0,0.0,0.0,0.0,0.0,78,54,0.0,0.0,0.0
DP Conway,ssnz2019_16,78,54,0,144.4,1,0,9,1,25.9,0.0,0.0,0.0,0.0,0.0,0.0,0.0,0.0,0.0,0.0,32,23,0.0,0.0,0.0
DP Conway,ssnz2019_18,32,23,1,139.1,0,0,5,0,34.8,0.0,0.0,0.0,0.0,0.0,0.0,0.0,0.0,0.0,0.0,9,10,0.0,0.0,0.0
DP Conway,ssnz2019_20,9,10,1,90.0,0,0,1,0,50.0,0.0,0.0,0.0,0.0,0.0,0.0,0.0,0.0,0.0,0.0,101,49,0.0,0.0,0.0
DP Conway,ssnz2019_23,101,49,0,206.1,0,1,15,3,18.4,0.0,0.0,0.0,0.0,0.0,0.0,0.0,0.0,0.0,0.0,51,39,0.0,0.0,0.0
DP Conway,ssnz2019_25,51,39,1,130.8,1,0,6,2,46.2,0.0,0.0,0.0,0.0,0.0,0.0,0.0,0.0,0.0,0.0,69,52,0.0,0.0,0.0
DP Conway,ssnz2019_29,69,52,1,132.7,1,0,4,2,23.1,0.0,0.0,0.0,0.0,0.0,0.0,0.0,0.0,0.0,0.0,49,37,0.0,0.0,0.0
DP Conway,ssnz2019_32,49,37,1,132.4,0,0,5,0,21.6,0.0,0.0,0.0,0.0,0.0,0.0,0.0,0.0,0.0,0.0,67,51,0.0,0.0,0.0
DP Conway,ssnz2020_02,67,51,1,131.4,1,0,5,2,27.5,0.0,0.0,0.0,0.0,0.0,0.0,0.0,0.0,0.0,0.0,13,15,0.0,0.0,0.0
DP Conway,ssnz2020_07,13,15,1,86.7,0,0,1,0,40.0,0.0,0.0,0.0,0.0,0.0,0.0,0.0,0.0,0.0,0.0,45,35,0.0,0.0,0.0
DP Conway,ssnz2020_12,45,35,1,128.6,0,0,5,0,22.9,0.0,0.0,0.0,0.0,0.0,0.0,0.0,0.0,0.0,0.0,0,3,0.0,0.0,0.0
DP Conway,ssnz2020_17,0,3,1,0.0,0,0,0,0,100.0,0.0,0.0,0.0,0.0,0.0,0.0,0.0,0.0,0.0,0.0,9,5,0.0,0.0,0.0
DP Conway,ssnz2020_22,9,5,1,180.0,0,0,2,0,40.0,0.0,0.0,0.0,0.0,0.0,0.0,0.0,0.0,0.0,0.0,48,39,0.0,0.0,0.0
DP Conway,ssnz2020_23,48,39,1,123.1,0,0,7,0,33.3,0.0,0.0,0.0,0.0,0.0,0.0,0.0,0.0,0.0,0.0,69,50,0.0,0.0,0.0
DP Conway,ssnz2020_26,69,50,0,138.0,1,0,11,1,42.0,0.0,0.0,0.0,0.0,0.0,0.0,0.0,0.0,0.0,0.0,91,58,0.0,0.0,0.0
DP Conway,ssnz2020_30,91,58,0,156.9,1,0,7,4,25.9,0.0,0.0,0.0,0.0,0.0,0.0,0.0,0.0,0.0,0.0,93,63,0.0,0.0,0.0
DP Conway,ssnz2020_32,93,63,0,147.6,1,0,11,1,22.2,0.0,0.0,0.0,0.0,0.0,0.0,0.0,0.0,0.0,0.0,7,5,0.0,0.0,0.0
DP Conway,ssnz2021_08,7,5,1,140.0,0,0,1,0,40.0,0.0,0.0,0.0,0.0,0.0,0.0,0.0,0.0,0.0,0.0,0,4,0.0,0.0,0.0
DP Conway,ssnz2021_30,0,4,1,0.0,0,0,0,0,100.0,0.0,0.0,0.0,0.0,0.0,0.0,0.0,0.0,0.0,0.0,74,52,0.0,0.0,0.0
DP Conway,ssnz2021_31,74,52,0,142.3,1,0,5,2,11.5,0.0,0.0,0.0,0.0,0.0,0.0,0.0,0.0,0.0,0.0,18,21,0.0,0.0,0.0
DP Conway,t100m2021_03,18,21,1,85.7,0,0,2,0,42.9,0.0,0.0,0.0,0.0,0.0,0.0,0.0,0.0,0.0,0.0,23,20,0.0,0.0,0.0
DP Conway,t100m2021_08,23,20,1,115.0,0,0,3,0,40.0,0.0,0.0,0.0,0.0,0.0,0.0,0.0,0.0,0.0,0.0,34,27,0.0,0.0,0.0
DP Conway,t100m2021_11,34,27,1,125.9,0,0,2,1,18.5,0.0,0.0,0.0,0.0,0.0,0.0,0.0,0.0,0.0,0.0,22,18,0.0,0.0,0.0
DP Conway,t100m2021_15,22,18,1,122.2,0,0,3,0,38.9,0.0,0.0,0.0,0.0,0.0,0.0,0.0,0.0,0.0,0.0,5,4,0.0,0.0,0.0
DP Conway,t20blast2021_067,5,4,1,125.0,0,0,1,0,50.0,0.0,0.0,0.0,0.0,0.0,0.0,0.0,0.0,0.0,0.0,37,33,0.0,0.0,0.0
DP Conway,t20blast2021_080,37,33,0,112.1,0,0,4,0,30.3,0.0,0.0,0.0,0.0,0.0,0.0,0.0,0.0,0.0,0.0,53,47,0.0,0.0,0.0
DP Conway,t20blast2021_084,53,47,1,112.8,1,0,6,0,34.0,0.0,0.0,0.0,0.0,0.0,0.0,0.0,0.0,0.0,0.0,81,65,0.0,0.0,0.0
DP Conway,t20blast2021_089,81,65,0,124.6,1,0,12,0,33.8,0.0,0.0,0.0,0.0,0.0,0.0,0.0,0.0,0.0,0.0,45,26,0.0,0.0,0.0
DP Conway,t20blast2021_097,45,26,0,173.1,0,0,6,1,15.4,0.0,0.0,0.0,0.0,0.0,0.0,0.0,0.0,0.0,0.0,0,2,0.0,0.0,0.0
DP Conway,t20blast2021_107,0,2,1,0.0,0,0,0,0,100.0,0.0,0.0,0.0,0.0,0.0,0.0,0.0,0.0,0.0,0.0,70,52,0.0,0.0,0.0
DP Conway,t20blast2021_114,70,52,0,134.6,1,0,9,1,32.7,0.0,0.0,0.0,0.0,0.0,0.0,0.0,0.0,0.0,0.0,4,6,0.0,0.0,0.0
DP Conway,t20blast2021_124,4,6,1,66.7,0,0,1,0,83.3,0.0,0.0,0.0,0.0,0.0,0.0,0.0,0.0,0.0,0.0,0,0,0,0,0
MS Dhoni,ipl2015_02,30,27,1,111.1,0,0,1,2,44.4,0.0,0.0,0.0,0.0,0.0,0.0,0.0,0.0,0.0,0.0,53,29,0.0,0.0,0.0
MS Dhoni,ipl2015_04,53,29,1,182.8,1,0,4,4,34.5,0.0,0.0,0.0,0.0,0.0,0.0,0.0,0.0,0.0,0.0,1,4,0.0,0.0,0.0
MS Dhoni,ipl2015_10,1,4,1,25.0,0,0,0,0,75.0,0.0,0.0,0.0,0.0,0.0,0.0,0.0,0.0,0.0,0.0,3,6,0.0,0.0,0.0
MS Dhoni,ipl2015_13,3,6,1,50.0,0,0,0,0,50.0,0.0,0.0,0.0,0.0,0.0,0.0,0.0,0.0,0.0,0.0,31,37,0.0,0.0,0.0
MS Dhoni,ipl2015_16,31,37,0,83.8,0,0,4,0,51.4,0.0,0.0,0.0,0.0,0.0,0.0,0.0,0.0,0.0,0.0,13,13,0.0,0.0,0.0
MS Dhoni,ipl2015_21,13,13,1,100.0,0,0,2,0,46.2,0.0,0.0,0.0,0.0,0.0,0.0,0.0,0.0,0.0,0.0,41,27,0.0,0.0,0.0
MS Dhoni,ipl2015_25,41,27,0,151.9,0,0,2,2,29.6,0.0,0.0,0.0,0.0,0.0,0.0,0.0,0.0,0.0,0.0,3,6,0.0,0.0,0.0
MS Dhoni,ipl2015_31,3,6,1,50.0,0,0,0,0,50.0,0.0,0.0,0.0,0.0,0.0,0.0,0.0,0.0,0.0,0.0,20,16,0.0,0.0,0.0
MS Dhoni,ipl2015_35,20,16,1,125.0,0,0,2,0,25.0,0.0,0.0,0.0,0.0,0.0,0.0,0.0,0.0,0.0,0.0,29,18,0.0,0.0,0.0
MS Dhoni,ipl2015_38,29,18,1,161.1,0,0,2,2,38.9,0.0,0.0,0.0,0.0,0.0,0.0,0.0,0.0,0.0,0.0,39,32,0.0,0.0,0.0
MS Dhoni,ipl2015_43,39,32,0,121.9,0,0,2,2,31.2,0.0,0.0,0.0,0.0,0.0,0.0,0.0,0.0,0.0,0.0,13,7,0.0,0.0,0.0
MS Dhoni,ipl2015_47,13,7,0,185.7,0,0,1,1,28.6,0.0,0.0,0.0,0.0,0.0,0.0,0.0,0.0,0.0,0.0,27,24,0.0,0.0,0.0
MS Dhoni,ipl2015_49,27,24,1,112.5,0,0,3,1,50.0,0.0,0.0,0.0,0.0,0.0,0.0,0.0,0.0,0.0,0.0,25,16,0.0,0.0,0.0
MS Dhoni,ipl2015_53,25,16,0,156.2,0,0,2,2,50.0,0.0,0.0,0.0,0.0,0.0,0.0,0.0,0.0,0.0,0.0,0,1,0.0,0.0,0.0
MS Dhoni,ipl2015_57,0,1,1,0.0,0,0,0,0,100.0,0.0,0.0,0.0,0.0,0.0,0.0,0.0,0.0,0.0,0.0,26,29,0.0,0.0,0.0
MS Dhoni,ipl2015_59,26,29,1,89.7,0,0,1,0,34.5,0.0,0.0,0.0,0.0,0.0,0.0,0.0,0.0,0.0,0.0,18,13,0.0,0.0,0.0
MS Dhoni,ipl2015_60,18,13,1,138.5,0,0,1,1,38.5,0.0,0.0,0.0,0.0,0.0,0.0,0.0,0.0,0.0,0.0,22,10,0.0,0.0,0.0
MS Dhoni,ipl2016_06,22,10,0,220.0,0,0,2,1,20.0,0.0,0.0,0.0,0.0,0.0,0.0,0.0,0.0,0.0,0.0,1,2,0.0,0.0,0.0
MS Dhoni,ipl2016_10,1,2,1,50.0,0,0,0,0,50.0,0.0,0.0,0.0,0.0,0.0,0.0,0.0,0.0,0.0,0.0,41,38,0.0,0.0,0.0
MS Dhoni,ipl2016_16,41,38,1,107.9,0,0,3,0,23.7,0.0,0.0,0.0,0.0,0.0,0.0,0.0,0.0,0.0,0.0,23,12,0.0,0.0,0.0
MS Dhoni,ipl2016_20,23,12,0,191.7,0,0,2,1,25.0,0.0,0.0,0.0,0.0,0.0,0.0,0.0,0.0,0.0,0.0,5,4,0.0,0.0,0.0
MS Dhoni,ipl2016_22,5,4,1,125.0,0,0,1,0,50.0,0.0,0.0,0.0,0.0,0.0,0.0,0.0,0.0,0.0,0.0,30,18,0.0,0.0,0.0
MS Dhoni,ipl2016_25,30,18,0,166.7,0,0,2,2,27.8,0.0,0.0,0.0,0.0,0.0,0.0,0.0,0.0,0.0,0.0,24,24,0.0,0.0,0.0
MS Dhoni,ipl2016_29,24,24,1,100.0,0,0,2,0,37.5,0.0,0.0,0.0,0.0,0.0,0.0,0.0,0.0,0.0,0.0,27,20,0.0,0.0,0.0
MS Dhoni,ipl2016_33,27,20,1,135.0,0,0,1,2,35.0,0.0,0.0,0.0,0.0,0.0,0.0,0.0,0.0,0.0,0.0,9,8,0.0,0.0,0.0
MS Dhoni,ipl2016_35,9,8,1,112.5,0,0,0,1,50.0,0.0,0.0,0.0,0.0,0.0,0.0,0.0,0.0,0.0,0.0,30,20,0.0,0.0,0.0
MS Dhoni,ipl2016_40,30,20,1,150.0,0,0,1,2,25.0,0.0,0.0,0.0,0.0,0.0,0.0,0.0,0.0,0.0,0.0,8,22,0.0,0.0,0.0
MS Dhoni,ipl2016_45,8,22,0,36.4,0,0,0,0,68.2,0.0,0.0,0.0,0.0,0.0,0.0,0.0,0.0,0.0,0.0,64,32,0.0,0.0,0.0
MS Dhoni,ipl2016_53,64,32,0,200.0,1,0,4,5,31.2,0.0,0.0,0.0,0.0,0.0,0.0,0.0,0.0,0.0,0.0,12,12,0.0,0.0,0.0
MS Dhoni,ipl2017_02,12,12,0,100.0,0,0,1,0,25.0,0.0,0.0,0.0,0.0,0.0,0.0,0.0,0.0,0.0,0.0,5,11,0.0,0.0,0.0
MS Dhoni,ipl2017_04,5,11,1,45.5,0,0,0,0,54.5,0.0,0.0,0.0,0.0,0.0,0.0,0.0,0.0,0.0,0.0,11,14,0.0,0.0,0.0
MS Dhoni,ipl2017_09,11,14,1,78.6,0,0,0,1,57.1,0.0,0.0,0.0,0.0,0.0,0.0,0.0,0.0,0.0,0.0,5,8,0.0,0.0,0.0
MS Dhoni,ipl2017_13,5,8,1,62.5,0,0,0,0,50.0,0.0,0.0,0.0,0.0,0.0,0.0,0.0,0.0,0.0,0.0,28,25,0.0,0.0,0.0
MS Dhoni,ipl2017_17,28,25,1,112.0,0,0,3,1,48.0,0.0,0.0,0.0,0.0,0.0,0.0,0.0,0.0,0.0,0.0,61,34,0.0,0.0,0.0
MS Dhoni,ipl2017_25,61,34,0,179.4,1,0,5,3,20.6,0.0,0.0,0.0,0.0,0.0,0.0,0.0,0.0,0.0,0.0,7,11,0.0,0.0,0.0
MS Dhoni,ipl2017_28,7,11,1,63.6,0,0,0,0,36.4,0.0,0.0,0.0,0.0,0.0,0.0,0.0,0.0,0.0,0.0,23,11,0.0,0.0,0.0
MS Dhoni,ipl2017_30,23,11,1,209.1,0,0,1,2,27.3,0.0,0.0,0.0,0.0,0.0,0.0,0.0,0.0,0.0,0.0,21,17,0.0,0.0,0.0
MS Dhoni,ipl2017_34,21,17,0,123.5,0,0,1,1,35.3,0.0,0.0,0.0,0.0,0.0,0.0,0.0,0.0,0.0,0.0,26,33,0.0,0.0,0.0
MS Dhoni,ipl2017_39,26,33,1,78.8,0,0,1,1,57.6,0.0,0.0,0.0,0.0,0.0,0.0,0.0,0.0,0.0,0.0,5,9,0.0,0.0,0.0
MS Dhoni,ipl2017_41,5,9,1,55.6,0,0,0,0,44.4,0.0,0.0,0.0,0.0,0.0,0.0,0.0,0.0,0.0,0.0,31,21,0.0,0.0,0.0
MS Dhoni,ipl2017_44,31,21,1,147.6,0,0,2,2,42.9,0.0,0.0,0.0,0.0,0.0,0.0,0.0,0.0,0.0,0.0,5,5,0.0,0.0,0.0
MS Dhoni,ipl2017_52,5,5,1,100.0,0,0,0,0,40.0,0.0,0.0,0.0,0.0,0.0,0.0,0.0,0.0,0.0,0.0,40,26,0.0,0.0,0.0
MS Dhoni,ipl2017_57,40,26,0,153.8,0,0,0,5,46.2,0.0,0.0,0.0,0.0,0.0,0.0,0.0,0.0,0.0,0.0,10,13,0.0,0.0,0.0
MS Dhoni,ipl2017_60,10,13,1,76.9,0,0,1,0,46.2,0.0,0.0,0.0,0.0,0.0,0.0,0.0,0.0,0.0,0.0,5,5,0.0,0.0,0.0
MS Dhoni,ipl2018_01,5,5,1,100.0,0,0,0,0,20.0,0.0,0.0,0.0,0.0,0.0,0.0,0.0,0.0,0.0,0.0,25,28,0.0,0.0,0.0
MS Dhoni,ipl2018_05,25,28,1,89.3,0,0,1,1,39.3,0.0,0.0,0.0,0.0,0.0,0.0,0.0,0.0,0.0,0.0,79,44,0.0,0.0,0.0
MS Dhoni,ipl2018_12,79,44,0,179.5,1,0,6,5,22.7,0.0,0.0,0.0,0.0,0.0,0.0,0.0,0.0,0.0,0.0,5,3,0.0,0.0,0.0
MS Dhoni,ipl2018_17,5,3,1,166.7,0,0,1,0,33.3,0.0,0.0,0.0,0.0,0.0,0.0,0.0,0.0,0.0,0.0,25,12,0.0,0.0,0.0
MS Dhoni,ipl2018_20,25,12,0,208.3,0,0,3,1,16.7,0.0,0.0,0.0,0.0,0.0,0.0,0.0,0.0,0.0,0.0,70,34,0.0,0.0,0.0
MS Dhoni,ipl2018_24,70,34,0,205.9,1,0,1,7,17.6,0.0,0.0,0.0,0.0,0.0,0.0,0.0,0.0,0.0,0.0,26,21,0.0,0.0,0.0
MS Dhoni,ipl2018_27,26,21,1,123.8,0,0,3,1,42.9,0.0,0.0,0.0,0.0,0.0,0.0,0.0,0.0,0.0,0.0,51,22,0.0,0.0,0.0
MS Dhoni,ipl2018_30,51,22,0,231.8,1,0,2,5,18.2,0.0,0.0,0.0,0.0,0.0,0.0,0.0,0.0,0.0,0.0,43,25,0.0,0.0,0.0
MS Dhoni,ipl2018_33,43,25,0,172.0,0,0,1,4,24.0,0.0,0.0,0.0,0.0,0.0,0.0,0.0,0.0,0.0,0.0,31,23,0.0,0.0,0.0
MS Dhoni,ipl2018_35,31,23,0,134.8,0,0,1,3,47.8,0.0,0.0,0.0,0.0,0.0,0.0,0.0,0.0,0.0,0.0,33,23,0.0,0.0,0.0
MS Dhoni,ipl2018_43,33,23,0,143.5,0,0,1,1,17.4,0.0,0.0,0.0,0.0,0.0,0.0,0.0,0.0,0.0,0.0,20,14,0.0,0.0,0.0
MS Dhoni,ipl2018_46,20,14,0,142.9,0,0,1,1,14.3,0.0,0.0,0.0,0.0,0.0,0.0,0.0,0.0,0.0,0.0,17,23,0.0,0.0,0.0
MS Dhoni,ipl2018_52,17,23,1,73.9,0,0,1,0,47.8,0.0,0.0,0.0,0.0,0.0,0.0,0.0,0.0,0.0,0.0,16,7,0.0,0.0,0.0
MS Dhoni,ipl2018_56,16,7,0,228.6,0,0,1,1,0.0,0.0,0.0,0.0,0.0,0.0,0.0,0.0,0.0,0.0,0.0,9,18,0.0,0.0,0.0
MS Dhoni,ipl2018_57,9,18,1,50.0,0,0,1,0,72.2,0.0,0.0,0.0,0.0,0.0,0.0,0.0,0.0,0.0,0.0,32,35,0.0,0.0,0.0
MS Dhoni,ipl2019_05,32,35,0,91.4,0,0,2,1,48.6,0.0,0.0,0.0,0.0,0.0,0.0,0.0,0.0,0.0,0.0,75,46,0.0,0.0,0.0
MS Dhoni,ipl2019_12,75,46,0,163.0,1,0,4,4,21.7,0.0,0.0,0.0,0.0,0.0,0.0,0.0,0.0,0.0,0.0,12,21,0.0,0.0,0.0
MS Dhoni,ipl2019_15,12,21,1,57.1,0,0,0,0,52.4,0.0,0.0,0.0,0.0,0.0,0.0,0.0,0.0,0.0,0.0,37,23,0.0,0.0,0.0
MS Dhoni,ipl2019_18,37,23,0,160.9,0,0,4,1,26.1,0.0,0.0,0.0,0.0,0.0,0.0,0.0,0.0,0.0,0.0,58,43,0.0,0.0,0.0
MS Dhoni,ipl2019_25,58,43,1,134.9,1,0,2,3,25.6,0.0,0.0,0.0,0.0,0.0,0.0,0.0,0.0,0.0,0.0,16,13,0.0,0.0,0.0
MS Dhoni,ipl2019_29,16,13,1,123.1,0,0,0,1,38.5,0.0,0.0,0.0,0.0,0.0,0.0,0.0,0.0,0.0,0.0,84,48,0.0,0.0,0.0
MS Dhoni,ipl2019_39,84,48,0,175.0,1,0,5,7,37.5,0.0,0.0,0.0,0.0,0.0,0.0,0.0,0.0,0.0,0.0,44,22,0.0,0.0,0.0
MS Dhoni,ipl2019_50,44,22,0,200.0,0,0,4,3,27.3,0.0,0.0,0.0,0.0,0.0,0.0,0.0,0.0,0.0,0.0,10,12,0.0,0.0,0.0
MS Dhoni,ipl2019_55,10,12,0,83.3,0,0,0,0,33.3,0.0,0.0,0.0,0.0,0.0,0.0,0.0,0.0,0.0,0.0,37,29,0.0,0.0,0.0
MS Dhoni,ipl2019_57,37,29,0,127.6,0,0,0,3,34.5,0.0,0.0,0.0,0.0,0.0,0.0,0.0,0.0,0.0,0.0,9,9,0.0,0.0,0.0
MS Dhoni,ipl2019_59,9,9,1,100.0,0,0,1,0,55.6,0.0,0.0,0.0,0.0,0.0,0.0,0.0,0.0,0.0,0.0,2,8,0.0,0.0,0.0
MS Dhoni,ipl2019_60,2,8,0,25.0,0,0,0,0,75.0,0.0,0.0,0.0,0.0,0.0,0.0,0.0,0.0,0.0,0.0,0,2,0.0,0.0,0.0
MS Dhoni,ipl2020_01,0,2,0,0.0,0,0,0,0,100.0,0.0,0.0,0.0,0.0,0.0,0.0,0.0,0.0,0.0,0.0,29,17,0.0,0.0,0.0
MS Dhoni,ipl2020_04,29,17,0,170.6,0,0,0,3,17.6,0.0,0.0,0.0,0.0,0.0,0.0,0.0,0.0,0.0,0.0,15,12,0.0,0.0,0.0
MS Dhoni,ipl2020_07,15,12,1,125.0,0,0,2,0,41.7,0.0,0.0,0.0,0.0,0.0,0.0,0.0,0.0,0.0,0.0,47,36,0.0,0.0,0.0
MS Dhoni,ipl2020_14,47,36,0,130.6,0,0,4,1,33.3,0.0,0.0,0.0,0.0,0.0,0.0,0.0,0.0,0.0,0.0,11,12,0.0,0.0,0.0
MS Dhoni,ipl2020_21,11,12,1,91.7,0,0,1,0,50.0,0.0,0.0,0.0,0.0,0.0,0.0,0.0,0.0,0.0,0.0,10,6,0.0,0.0,0.0
MS Dhoni,ipl2020_25,10,6,1,166.7,0,0,0,1,33.3,0.0,0.0,0.0,0.0,0.0,0.0,0.0,0.0,0.0,0.0,21,13,0.0,0.0,0.0
MS Dhoni,ipl2020_29,21,13,1,161.5,0,0,2,1,30.8,0.0,0.0,0.0,0.0,0.0,0.0,0.0,0.0,0.0,0.0,3,5,0.0,0.0,0.0
MS Dhoni,ipl2020_34,3,5,1,60.0,0,0,0,0,40.0,0.0,0.0,0.0,0.0,0.0,0.0,0.0,0.0,0.0,0.0,28,28,0.0,0.0,0.0
MS Dhoni,ipl2020_37,28,28,1,100.0,0,0,2,0,32.1,0.0,0.0,0.0,0.0,0.0,0.0,0.0,0.0,0.0,0.0,16,16,0.0,0.0,0.0
MS Dhoni,ipl2020_41,16,16,1,100.0,0,0,2,1,68.8,0.0,0.0,0.0,0.0,0.0,0.0,0.0,0.0,0.0,0.0,19,21,0.0,0.0,0.0
MS Dhoni,ipl2020_44,19,21,0,90.5,0,0,3,0,52.4,0.0,0.0,0.0,0.0,0.0,0.0,0.0,0.0,0.0,0.0,1,4,0.0,0.0,0.0
MS Dhoni,ipl2020_49,1,4,1,25.0,0,0,0,0,75.0,0.0,0.0,0.0,0.0,0.0,0.0,0.0,0.0,0.0,0.0,0,2,0.0,0.0,0.0
MS Dhoni,ipl2021_02,0,2,1,0.0,0,0,0,0,100.0,0.0,0.0,0.0,0.0,0.0,0.0,0.0,0.0,0.0,0.0,18,17,0.0,0.0,0.0
MS Dhoni,ipl2021_12,18,17,1,105.9,0,0,2,0,47.1,0.0,0.0,0.0,0.0,0.0,0.0,0.0,0.0,0.0,0.0,17,8,0.0,0.0,0.0
MS Dhoni,ipl2021_15,17,8,1,212.5,0,0,2,1,37.5,0.0,0.0,0.0,0.0,0.0,0.0,0.0,0.0,0.0,0.0,2,3,0.0,0.0,0.0
MS Dhoni,ipl2021_19,2,3,0,66.7,0,0,0,0,33.3,0.0,0.0,0.0,0.0,0.0,0.0,0.0,0.0,0.0,0.0,3,5,0.0,0.0,0.0
MS Dhoni,ipl2021_30,3,5,1,60.0,0,0,0,0,40.0,0.0,0.0,0.0,0.0,0.0,0.0,0.0,0.0,0.0,0.0,11,9,0.0,0.0,0.0
MS Dhoni,ipl2021_35,11,9,0,122.2,0,0,2,0,44.4,0.0,0.0,0.0,0.0,0.0,0.0,0.0,0.0,0.0,0.0,1,4,0.0,0.0,0.0
MS Dhoni,ipl2021_38,1,4,1,25.0,0,0,0,0,75.0,0.0,0.0,0.0,0.0,0.0,0.0,0.0,0.0,0.0,0.0,14,11,0.0,0.0,0.0
MS Dhoni,ipl2021_44,14,11,0,127.3,0,0,1,1,45.5,0.0,0.0,0.0,0.0,0.0,0.0,0.0,0.0,0.0,0.0,18,27,0.0,0.0,0.0
MS Dhoni,ipl2021_50,18,27,1,66.7,0,0,0,0,37.0,0.0,0.0,0.0,0.0,0.0,0.0,0.0,0.0,0.0,0.0,12,15,0.0,0.0,0.0
MS Dhoni,ipl2021_53,12,15,1,80.0,0,0,2,0,60.0,0.0,0.0,0.0,0.0,0.0,0.0,0.0,0.0,0.0,0.0,18,6,0.0,0.0,0.0
MS Dhoni,ipl2021_57,18,6,0,300.0,0,0,3,1,33.3,0.0,0.0,0.0,0.0,0.0,0.0,0.0,0.0,0.0,0.0,50,38,0.0,0.0,0.0
MS Dhoni,ipl2022_01,50,38,0,131.6,1,0,7,1,42.1,0.0,0.0,0.0,0.0,0.0,0.0,0.0,0.0,0.0,0.0,16,6,0.0,0.0,0.0
MS Dhoni,ipl2022_07,16,6,0,266.7,0,0,2,1,33.3,0.0,0.0,0.0,0.0,0.0,0.0,0.0,0.0,0.0,0.0,23,28,0.0,0.0,0.0
MS Dhoni,ipl2022_11,23,28,1,82.1,0,0,1,1,46.4,0.0,0.0,0.0,0.0,0.0,0.0,0.0,0.0,0.0,0.0,3,6,0.0,0.0,0.0
MS Dhoni,ipl2022_17,3,6,1,50.0,0,0,0,0,50.0,0.0,0.0,0.0,0.0,0.0,0.0,0.0,0.0,0.0,0.0,28,13,0.0,0.0,0.0
MS Dhoni,ipl2022_33,28,13,0,215.4,0,0,3,1,0.0,0.0,0.0,0.0,0.0,0.0,0.0,0.0,0.0,0.0,0.0,12,8,0.0,0.0,0.0
MS Dhoni,ipl2022_38,12,8,1,150.0,0,0,1,1,50.0,0.0,0.0,0.0,0.0,0.0,0.0,0.0,0.0,0.0,0.0,8,7,0.0,0.0,0.0
MS Dhoni,ipl2022_46,8,7,1,114.3,0,0,1,0,42.9,0.0,0.0,0.0,0.0,0.0,0.0,0.0,0.0,0.0,0.0,2,3,0.0,0.0,0.0
MS Dhoni,ipl2022_49,2,3,1,66.7,0,0,0,0,33.3,0.0,0.0,0.0,0.0,0.0,0.0,0.0,0.0,0.0,0.0,21,8,0.0,0.0,0.0
MS Dhoni,ipl2022_55,21,8,0,262.5,0,0,1,2,25.0,0.0,0.0,0.0,0.0,0.0,0.0,0.0,0.0,0.0,0.0,36,33,0.0,0.0,0.0
MS Dhoni,ipl2022_59,36,33,0,109.1,0,0,4,2,63.6,0.0,0.0,0.0,0.0,0.0,0.0,0.0,0.0,0.0,0.0,7,10,0.0,0.0,0.0
MS Dhoni,ipl2022_62,7,10,1,70.0,0,0,0,0,50.0,0.0,0.0,0.0,0.0,0.0,0.0,0.0,0.0,0.0,0.0,26,28,0.0,0.0,0.0
MS Dhoni,ipl2022_68,26,28,1,92.9,0,0,1,1,42.9,0.0,0.0,0.0,0.0,0.0,0.0,0.0,0.0,0.0,0.0,14,7,0.0,0.0,0.0
MS Dhoni,ipl2023_01,14,7,0,200.0,0,0,1,1,14.3,0.0,0.0,0.0,0.0,0.0,0.0,0.0,0.0,0.0,0.0,12,3,0.0,0.0,0.0
MS Dhoni,ipl2023_06,12,3,1,400.0,0,0,0,2,33.3,0.0,0.0,0.0,0.0,0.0,0.0,0.0,0.0,0.0,0.0,32,17,0.0,0.0,0.0
MS Dhoni,ipl2023_17,32,17,0,188.2,0,0,1,3,17.6,0.0,0.0,0.0,0.0,0.0,0.0,0.0,0.0,0.0,0.0,1,1,0.0,0.0,0.0
MS Dhoni,ipl2023_24,1,1,0,100.0,0,0,0,0,0.0,0.0,0.0,0.0,0.0,0.0,0.0,0.0,0.0,0.0,0.0,2,3,0.0,0.0,0.0
MS Dhoni,ipl2023_33,2,3,0,66.7,0,0,0,0,66.7,0.0,0.0,0.0,0.0,0.0,0.0,0.0,0.0,0.0,0.0,13,4,0.0,0.0,0.0
MS Dhoni,ipl2023_42,13,4,0,325.0,0,0,0,2,25.0,0.0,0.0,0.0,0.0,0.0,0.0,0.0,0.0,0.0,0.0,2,3,0.0,0.0,0.0
MS Dhoni,ipl2023_49,2,3,0,66.7,0,0,0,0,33.3,0.0,0.0,0.0,0.0,0.0,0.0,0.0,0.0,0.0,0.0,20,9,0.0,0.0,0.0
MS Dhoni,ipl2023_55,20,9,1,222.2,0,0,1,2,33.3,0.0,0.0,0.0,0.0,0.0,0.0,0.0,0.0,0.0,0.0,2,3,0.0,0.0,0.0
MS Dhoni,ipl2023_61,2,3,0,66.7,0,0,0,0,66.7,0.0,0.0,0.0,0.0,0.0,0.0,0.0,0.0,0.0,0.0,0,0,0,0,0
DL Chahar,ipl2016_49,0,0,0,0,0,0,0,0,0,2.0,13,0,6.50,0,0,0,2,0,50.0,0,0,3.0,28,0
DL Chahar,ipl2016_53,0,0,0,0,0,0,0,0,0,3.0,28,0,9.33,0,0,0,3,1,61.1,0,0,2.0,21,0
DL Chahar,ipl2017_02,0,0,0,0,0,0,0,0,0,2.0,21,0,10.50,0,0,0,3,1,50.0,14,6,3.0,35,1
DL Chahar,ipl2017_09,14,6,1,233.3,0,0,0,2,33.3,3.0,35,1,11.67,35.0,18.0,0,6,0,33.3,0,0,2.0,18,0
DL Chahar,ipl2017_34,0,0,0,0,0,0,0,0,0,2.0,18,0,9.00,0,0,0,3,0,25.0,0,1,3.0,14,1
DL Chahar,ipl2018_01,0,1,1,0.0,0,0,0,0,100.0,3.0,14,1,4.67,14.0,18.0,0,2,0,66.7,0,0,1.0,18,0
DL Chahar,ipl2018_05,0,0,0,0,0,0,0,0,0,1.0,18,0,18.00,0,0,0,1,2,50.0,0,0,3.0,37,0
DL Chahar,ipl2018_12,0,0,0,0,0,0,0,0,0,3.0,37,0,12.33,0,0,0,5,2,50.0,0,0,4.0,30,2
DL Chahar,ipl2018_17,0,0,0,0,0,0,0,0,0,4.0,30,2,7.50,15.0,12.0,0,1,1,54.2,0,0,4.0,15,3
DL Chahar,ipl2018_20,0,0,0,0,0,0,0,0,0,4.0,15,3,3.75,5.0,8.0,0,1,1,70.8,0,0,2.0,20,0
DL Chahar,ipl2018_24,0,0,0,0,0,0,0,0,0,2.0,20,0,10.00,0,0,0,2,1,33.3,0,0,2.1,19,0
DL Chahar,ipl2018_27,0,0,0,0,0,0,0,0,0,2.1,19,0,8.77,0,0,0,3,0,53.8,0,0,4.0,16,1
DL Chahar,ipl2018_46,0,0,0,0,0,0,0,0,0,4.0,16,1,4.00,16.0,24.0,0,1,0,70.8,1,2,3.0,23,1
DL Chahar,ipl2018_52,1,2,0,50.0,0,0,0,0,50.0,3.0,23,1,7.67,23.0,18.0,0,3,1,72.2,39,20,4.0,30,1
DL Chahar,ipl2018_56,39,20,1,195.0,0,0,1,3,15.0,4.0,30,1,7.50,30.0,24.0,0,3,1,62.5,10,6,4.0,31,1
DL Chahar,ipl2018_57,10,6,1,166.7,0,0,0,1,16.7,4.0,31,1,7.75,31.0,24.0,0,5,0,58.3,0,0,4.0,25,0
DL Chahar,ipl2018_60,0,0,0,0,0,0,0,0,0,4.0,25,0,6.25,0,0,0,1,1,45.8,0,0,4.0,17,0
DL Chahar,ipl2019_01,0,0,0,0,0,0,0,0,0,4.0,17,0,4.25,0,0,0,1,0,54.2,0,0,4.0,20,1
DL Chahar,ipl2019_05,0,0,0,0,0,0,0,0,0,4.0,20,1,5.00,20.0,24.0,0,2,0,54.2,0,0,4.0,19,2
DL Chahar,ipl2019_12,0,0,0,0,0,0,0,0,0,4.0,19,2,4.75,9.5,12.0,0,2,0,54.2,7,7,3.0,21,1
DL Chahar,ipl2019_15,7,7,1,100.0,0,0,1,0,42.9,3.0,21,1,7.00,21.0,18.0,0,4,0,50.0,0,0,4.0,40,1
DL Chahar,ipl2019_18,0,0,0,0,0,0,0,0,0,4.0,40,1,10.00,40.0,24.0,0,4,1,37.5,0,0,4.0,20,3
DL Chahar,ipl2019_23,0,0,0,0,0,0,0,0,0,4.0,20,3,5.00,6.7,8.0,0,2,1,87.5,0,0,4.0,33,2
DL Chahar,ipl2019_25,0,0,0,0,0,0,0,0,0,4.0,33,2,8.25,16.5,12.0,0,5,1,45.8,0,0,4.0,36,0
DL Chahar,ipl2019_29,0,0,0,0,0,0,0,0,0,4.0,36,0,9.00,0,0,0,4,2,41.7,0,0,3.0,31,1
DL Chahar,ipl2019_33,0,0,0,0,0,0,0,0,0,3.0,31,1,10.33,31.0,18.0,0,5,0,27.8,0,0,4.0,25,2
DL Chahar,ipl2019_39,0,0,0,0,0,0,0,0,0,4.0,25,2,6.25,12.5,12.0,0,3,1,70.8,0,0,4.0,30,1
DL Chahar,ipl2019_41,0,0,0,0,0,0,0,0,0,4.0,30,1,7.50,30.0,24.0,0,4,0,54.2,0,2,4.0,46,1
DL Chahar,ipl2019_44,0,2,1,0.0,0,0,0,0,100.0,4.0,46,1,11.50,46.0,24.0,0,6,1,33.3,0,0,3.0,32,1
DL Chahar,ipl2019_50,0,0,0,0,0,0,0,0,0,3.0,32,1,10.67,32.0,18.0,0,4,1,33.3,0,0,4.0,28,0
DL Chahar,ipl2019_55,0,0,0,0,0,0,0,0,0,4.0,28,0,7.00,0,0,0,4,1,58.3,0,0,3.3,30,1
DL Chahar,ipl2019_57,0,0,0,0,0,0,0,0,0,3.3,30,1,8.57,30.0,21.0,0,6,0,47.6,0,0,4.0,28,2
DL Chahar,ipl2019_59,0,0,0,0,0,0,0,0,0,4.0,28,2,7.00,14.0,12.0,0,3,0,45.8,0,0,4.0,26,3
DL Chahar,ipl2019_60,0,0,0,0,0,0,0,0,0,4.0,26,3,6.50,8.7,8.0,0,1,3,75.0,0,0,4.0,32,2
DL Chahar,ipl2020_01,0,0,0,0,0,0,0,0,0,4.0,32,2,8.00,16.0,12.0,0,3,0,33.3,0,0,4.0,31,1
DL Chahar,ipl2020_04,0,0,0,0,0,0,0,0,0,4.0,31,1,7.75,31.0,24.0,0,3,1,33.3,0,0,4.0,38,0
DL Chahar,ipl2020_07,0,0,0,0,0,0,0,0,0,4.0,38,0,9.50,0,0,0,4,0,20.8,0,0,4.0,31,2
DL Chahar,ipl2020_14,0,0,0,0,0,0,0,0,0,4.0,31,2,7.75,15.5,12.0,0,5,0,54.2,0,0,3.0,17,0
DL Chahar,ipl2020_18,0,0,0,0,0,0,0,0,0,3.0,17,0,5.67,0,0,0,2,0,50.0,0,0,4.0,47,0
DL Chahar,ipl2020_21,0,0,0,0,0,0,0,0,0,4.0,47,0,11.75,0,0,0,5,2,25.0,5,5,3.0,10,1
DL Chahar,ipl2020_25,5,5,0,100.0,0,0,0,0,40.0,3.0,10,1,3.33,10.0,18.0,0,0,0,61.1,2,2,4.0,28,0
DL Chahar,ipl2020_29,2,2,0,100.0,0,0,0,0,50.0,4.0,28,0,7.00,0,0,0,2,0,41.7,0,0,4.0,18,2
DL Chahar,ipl2020_34,0,0,0,0,0,0,0,0,0,4.0,18,2,4.50,9.0,12.0,0,1,0,41.7,0,0,4.0,18,2
DL Chahar,ipl2020_37,0,0,0,0,0,0,0,0,0,4.0,18,2,4.50,9.0,12.0,0,2,0,70.8,0,5,4.0,34,0
DL Chahar,ipl2020_41,0,5,1,0.0,0,0,0,0,100.0,4.0,34,0,8.50,0,0,0,5,1,45.8,0,0,4.0,31,2
DL Chahar,ipl2020_44,0,0,0,0,0,0,0,0,0,4.0,31,2,7.75,15.5,12.0,0,3,1,37.5,0,0,3.0,31,0
DL Chahar,ipl2020_49,0,0,0,0,0,0,0,0,0,3.0,31,0,10.33,0,0,0,6,0,27.8,0,0,3.0,30,0
DL Chahar,ipl2020_53,0,0,0,0,0,0,0,0,0,3.0,30,0,10.00,0,0,0,4,1,27.8,0,0,4.0,36,0
DL Chahar,ipl2021_02,0,0,0,0,0,0,0,0,0,4.0,36,0,9.00,0,0,0,5,1,33.3,0,0,4.0,13,4
DL Chahar,ipl2021_08,0,0,0,0,0,0,0,0,0,4.0,13,4,3.25,3.2,6.0,0,2,0,79.2,0,0,3.0,32,0
DL Chahar,ipl2021_12,0,0,0,0,0,0,0,0,0,3.0,32,0,10.67,0,0,0,4,1,44.4,0,0,4.0,29,4
DL Chahar,ipl2021_15,0,0,0,0,0,0,0,0,0,4.0,29,4,7.25,7.2,6.0,0,3,2,58.3,0,0,2.0,25,0
DL Chahar,ipl2021_19,0,0,0,0,0,0,0,0,0,2.0,25,0,12.50,0,0,0,5,0,50.0,0,0,3.0,21,0
DL Chahar,ipl2021_23,0,0,0,0,0,0,0,0,0,3.0,21,0,7.00,0,0,0,3,0,44.4,0,0,4.0,37,0
DL Chahar,ipl2021_27,0,0,0,0,0,0,0,0,0,4.0,37,0,9.25,0,0,0,4,1,41.7,0,0,4.0,19,2
DL Chahar,ipl2021_30,0,0,0,0,0,0,0,0,0,4.0,19,2,4.75,9.5,12.0,0,2,0,54.2,0,0,4.0,35,1
DL Chahar,ipl2021_35,0,0,0,0,0,0,0,0,0,4.0,35,1,8.75,35.0,24.0,0,6,0,29.2,1,1,4.0,32,0
DL Chahar,ipl2021_38,1,1,0,100.0,0,0,0,0,0.0,4.0,32,0,8.00,0,0,0,5,0,37.5,0,0,4.0,32,0
DL Chahar,ipl2021_44,0,0,0,0,0,0,0,0,0,4.0,32,0,8.00,0,0,0,2,2,37.5,0,0,3.0,34,1
DL Chahar,ipl2021_50,0,0,0,0,0,0,0,0,0,3.0,34,1,11.33,34.0,18.0,0,4,2,61.1,0,0,4.0,48,1
DL Chahar,ipl2021_53,0,0,0,0,0,0,0,0,0,4.0,48,1,12.00,48.0,24.0,0,3,3,33.3,0,0,3.0,26,0
DL Chahar,ipl2021_57,0,0,0,0,0,0,0,0,0,3.0,26,0,8.67,0,0,0,4,0,33.3,0,0,4.0,32,1
DL Chahar,ipl2021_60,0,0,0,0,0,0,0,0,0,4.0,32,1,8.00,32.0,24.0,0,4,1,45.8,0,0,4.0,29,0
DL Chahar,ipl2023_01,0,0,0,0,0,0,0,0,0,4.0,29,0,7.25,0,0,0,1,2,37.5,0,0,4.0,55,0
DL Chahar,ipl2023_06,0,0,0,0,0,0,0,0,0,4.0,55,0,13.75,0,0,0,7,1,45.8,0,0,1.0,10,0
DL Chahar,ipl2023_12,0,0,0,0,0,0,0,0,0,1.0,10,0,10.00,0,0,0,2,0,33.3,0,0,4.0,41,0
DL Chahar,ipl2023_45,0,0,0,0,0,0,0,0,0,4.0,41,0,10.25,0,0,0,4,2,37.5,0,0,3.0,18,2
DL Chahar,ipl2023_49,0,0,0,0,0,0,0,0,0,3.0,18,2,6.00,9.0,9.0,0,3,0,55.6,1,2,3.0,28,2
DL Chahar,ipl2023_55,1,2,0,50.0,0,0,0,0,50.0,3.0,28,2,9.33,14.0,9.0,0,3,2,61.1,0,0,3.0,27,3
DL Chahar,ipl2023_61,0,0,0,0,0,0,0,0,0,3.0,27,3,9.00,9.0,6.0,0,3,1,50.0,6,7,4.0,40,0
DL Chahar,smat2021_037,6,7,1,85.7,0,0,0,0,28.6,4.0,40,0,10.00,0,0,0,4,2,37.5,2,3,4.0,36,0
DL Chahar,smat2021_094,2,3,0,66.7,0,0,0,0,33.3,4.0,36,0,9.00,0,0,0,4,1,25.0,0,0,0,0,0
M Theekshana,ipl2022_17,0,0,0,0,0,0,0,0,0,4.0,31,0,7.75,0,0,0,3,1,33.3,0,0,4.0,33,4
M Theekshana,ipl2022_22,0,0,0,0,0,0,0,0,0,4.0,33,4,8.25,8.2,6.0,0,1,3,41.7,0,0,4.0,24,2
M Theekshana,ipl2022_29,0,0,0,0,0,0,0,0,0,4.0,24,2,6.00,12.0,12.0,0,1,1,33.3,0,0,4.0,35,1
M Theekshana,ipl2022_33,0,0,0,0,0,0,0,0,0,4.0,35,1,8.75,35.0,24.0,0,1,2,16.7,0,0,4.0,32,1
M Theekshana,ipl2022_38,0,0,0,0,0,0,0,0,0,4.0,32,1,8.00,32.0,24.0,0,2,1,33.3,0,0,4.0,26,0
M Theekshana,ipl2022_46,0,0,0,0,0,0,0,0,0,4.0,26,0,6.50,0,0,0,0,1,25.0,7,4,4.0,27,3
M Theekshana,ipl2022_49,7,4,0,175.0,0,0,0,1,50.0,4.0,27,3,6.75,9.0,8.0,0,2,1,33.3,0,0,4.0,29,1
M Theekshana,ipl2022_55,0,0,0,0,0,0,0,0,0,4.0,29,1,7.25,29.0,24.0,0,4,1,54.2,0,3,3.0,24,0
M Theekshana,ipl2022_59,0,3,1,0.0,0,0,0,0,100.0,3.0,24,0,8.00,0,0,0,3,0,27.8,0,0,4.0,42,0
M Theekshana,ipl2023_17,0,0,0,0,0,0,0,0,0,4.0,42,0,10.50,0,0,0,5,1,16.7,0,0,4.0,41,1
M Theekshana,ipl2023_24,0,0,0,0,0,0,0,0,0,4.0,41,1,10.25,41.0,24.0,0,1,3,20.8,0,0,4.0,27,1
M Theekshana,ipl2023_29,0,0,0,0,0,0,0,0,0,4.0,27,1,6.75,27.0,24.0,0,2,0,20.8,0,0,4.0,32,2
M Theekshana,ipl2023_33,0,0,0,0,0,0,0,0,0,4.0,32,2,8.00,16.0,12.0,0,3,1,37.5,0,0,4.0,24,1
M Theekshana,ipl2023_37,0,0,0,0,0,0,0,0,0,4.0,24,1,6.00,24.0,24.0,0,3,0,50.0,0,0,4.0,36,0
M Theekshana,ipl2023_42,0,0,0,0,0,0,0,0,0,4.0,36,0,9.00,0,0,0,4,0,25.0,0,0,4.0,37,2
M Theekshana,ipl2023_45,0,0,0,0,0,0,0,0,0,4.0,37,2,9.25,18.5,12.0,0,2,2,29.2,0,0,4.0,28,0
M Theekshana,ipl2023_49,0,0,0,0,0,0,0,0,0,4.0,28,0,7.00,0,0,0,3,1,45.8,0,0,2.0,16,0
M Theekshana,ipl2023_55,0,0,0,0,0,0,0,0,0,2.0,16,0,8.00,0,0,0,0,1,16.7,0,0,3.0,22,0
M Theekshana,ipl2023_61,0,0,0,0,0,0,0,0,0,3.0,22,0,7.33,0,0,0,2,0,16.7,0,0,3.0,17,0
M Theekshana,lpl2020_18,0,0,0,0,0,0,0,0,0,3.0,17,0,5.67,0,0,0,0,1,44.4,2,4,4.0,21,1
M Theekshana,lpl2021_01,2,4,1,50.0,0,0,0,0,75.0,4.0,21,1,5.25,21.0,24.0,0,2,0,58.3,0,0,4.0,22,3
M Theekshana,lpl2021_04,0,0,0,0,0,0,0,0,0,4.0,22,3,5.50,7.3,8.0,0,3,0,45.8,0,0,3.0,20,0
M Theekshana,lpl2021_07,0,0,0,0,0,0,0,0,0,3.0,20,0,6.67,0,0,0,2,0,44.4,0,0,4.0,25,4
M Theekshana,lpl2021_09,0,0,0,0,0,0,0,0,0,4.0,25,4,6.25,6.2,6.0,0,3,1,66.7,0,0,4.0,26,0
M Theekshana,lpl2021_12,0,0,0,0,0,0,0,0,0,4.0,26,0,6.50,0,0,0,3,0,33.3,0,0,4.0,21,3
M Theekshana,lpl2021_14,0,0,0,0,0,0,0,0,0,4.0,21,3,5.25,7.0,8.0,0,1,0,50.0,0,0,4.0,25,2
M Theekshana,lpl2021_17,0,0,0,0,0,0,0,0,0,4.0,25,2,6.25,12.5,12.0,0,2,1,58.3,0,2,4.0,34,0
M Theekshana,lpl2021_22,0,2,1,0.0,0,0,0,0,100.0,4.0,34,0,8.50,0,0,0,3,1,25.0,0,0,4.0,23,2
M Theekshana,lpl2021_23,0,0,0,0,0,0,0,0,0,4.0,23,2,5.75,11.5,12.0,0,3,0,45.8,0,0,4.0,51,1
M Theekshana,lpl2021_24,0,0,0,0,0,0,0,0,0,4.0,51,1,12.75,51.0,24.0,0,3,4,20.8,0,3,4.0,24,1
M Theekshana,lpl2022_01,0,3,1,0.0,0,0,0,0,100.0,4.0,24,1,6.00,24.0,24.0,0,0,0,41.7,0,0,4.0,20,3
M Theekshana,lpl2022_03,0,0,0,0,0,0,0,0,0,4.0,20,3,5.00,6.7,8.0,0,1,0,41.7,0,0,4.0,29,1
M Theekshana,lpl2022_06,0,0,0,0,0,0,0,0,0,4.0,29,1,7.25,29.0,24.0,0,3,0,29.2,0,0,4.0,31,0
M Theekshana,lpl2022_08,0,0,0,0,0,0,0,0,0,4.0,31,0,7.75,0,0,0,2,1,37.5,0,0,4.0,32,1
M Theekshana,lpl2022_10,0,0,0,0,0,0,0,0,0,4.0,32,1,8.00,32.0,24.0,0,5,0,41.7,1,3,4.0,18,1
M Theekshana,lpl2022_17,1,3,0,33.3,0,0,0,0,66.7,4.0,18,1,4.50,18.0,24.0,0,0,1,50.0,0,0,4.0,24,2
M Theekshana,lpl2022_21,0,0,0,0,0,0,0,0,0,4.0,24,2,6.00,12.0,12.0,0,2,0,41.7,1,1,4.0,34,1
M Theekshana,lpl2022_24,1,1,1,100.0,0,0,0,0,0.0,4.0,34,1,8.50,34.0,24.0,0,1,2,29.2,0,0,4.0,37,0
M Theekshana,sat20_2023_11,0,0,0,0,0,0,0,0,0,4.0,37,0,9.25,0,0,0,4,1,33.3,0,0,4.0,27,0
M Theekshana,sat20_2023_17,0,0,0,0,0,0,0,0,0,4.0,27,0,6.75,0,0,0,2,0,25.0,0,0,4.0,30,3
M Theekshana,sat20_2023_22,0,0,0,0,0,0,0,0,0,4.0,30,3,7.50,10.0,8.0,0,2,2,54.2,0,0,3.0,16,0
M Theekshana,sat20_2023_24,0,0,0,0,0,0,0,0,0,3.0,16,0,5.33,0,0,0,3,0,61.1,0,0,4.0,31,2
M Theekshana,sat20_2023_27,0,0,0,0,0,0,0,0,0,4.0,31,2,7.75,15.5,12.0,0,2,2,45.8,0,0,4.0,16,2
M Theekshana,sat20_2023_29,0,0,0,0,0,0,0,0,0,4.0,16,2,4.00,8.0,12.0,0,0,0,45.8,0,0,4.0,29,0
M Theekshana,sat20_2023_32,0,0,0,0,0,0,0,0,0,4.0,29,0,7.25,0,0,0,2,1,37.5,0,0,0,0,0
M Pathirana,ilt20_2023_15,0,0,0,0,0,0,0,0,0,4.0,35,0,8.75,0,0,0,2,1,41.7,0,0,3.0,23,0
M Pathirana,ilt20_2023_20,0,0,0,0,0,0,0,0,0,3.0,23,0,7.67,0,0,0,1,1,38.9,1,5,4.0,58,1
M Pathirana,ilt20_2023_21,1,5,1,20.0,0,0,0,0,80.0,4.0,58,1,14.50,58.0,24.0,0,5,3,66.7,0,0,4.0,36,2
M Pathirana,ilt20_2023_27,0,0,0,0,0,0,0,0,0,4.0,36,2,9.00,18.0,12.0,0,2,1,75.0,0,0,3.1,24,2
M Pathirana,ipl2022_62,0,0,0,0,0,0,0,0,0,3.1,24,2,7.58,12.0,9.5,0,3,0,57.9,0,0,3.4,28,0
M Pathirana,ipl2022_68,0,0,0,0,0,0,0,0,0,3.4,28,0,7.64,0,0,0,3,0,72.7,0,0,4.0,42,2
M Pathirana,ipl2023_24,0,0,0,0,0,0,0,0,0,4.0,42,2,10.50,21.0,12.0,0,3,3,45.8,0,0,4.0,22,1
M Pathirana,ipl2023_29,0,0,0,0,0,0,0,0,0,4.0,22,1,5.50,22.0,24.0,0,2,0,41.7,0,0,4.0,27,1
M Pathirana,ipl2023_33,0,0,0,0,0,0,0,0,0,4.0,27,1,6.75,27.0,24.0,0,2,1,58.3,0,0,4.0,48,0
M Pathirana,ipl2023_37,0,0,0,0,0,0,0,0,0,4.0,48,0,12.00,0,0,0,5,1,29.2,0,0,4.0,32,1
M Pathirana,ipl2023_42,0,0,0,0,0,0,0,0,0,4.0,32,1,8.00,32.0,24.0,0,2,0,29.2,0,0,3.2,22,2
M Pathirana,ipl2023_45,0,0,0,0,0,0,0,0,0,3.2,22,2,6.60,11.0,10.0,0,0,0,40.0,0,0,4.0,15,3
M Pathirana,ipl2023_49,0,0,0,0,0,0,0,0,0,4.0,15,3,3.75,5.0,8.0,0,0,0,50.0,0,0,4.0,37,3
M Pathirana,ipl2023_55,0,0,0,0,0,0,0,0,0,4.0,37,3,9.25,12.3,8.0,0,5,1,62.5,0,0,3.0,23,0
M Pathirana,ipl2023_61,0,0,0,0,0,0,0,0,0,3.0,23,0,7.67,0,0,0,1,0,61.1,0,0,0,0,0
SN Thakur,ipl2015_32,7,6,0,116.7,0,0,1,0,33.3,3.0,38,1,12.67,38.0,18.0,0,4,2,44.4,0,1,3.0,14,1
SN Thakur,ipl2017_13,0,1,1,0.0,0,0,0,0,100.0,3.0,14,1,4.67,14.0,18.0,0,1,0,55.6,0,1,4.0,35,3
SN Thakur,ipl2017_17,0,1,1,0.0,0,0,0,0,100.0,4.0,35,3,8.75,11.7,8.0,0,4,1,41.7,0,0,4.0,50,0
SN Thakur,ipl2017_25,0,0,0,0,0,0,0,0,0,4.0,50,0,12.50,0,0,0,9,0,20.8,0,0,3.0,29,0
SN Thakur,ipl2017_28,0,0,0,0,0,0,0,0,0,3.0,29,0,9.67,0,0,0,3,1,38.9,0,0,3.1,31,0
SN Thakur,ipl2017_30,0,0,0,0,0,0,0,0,0,3.1,31,0,9.79,0,0,0,4,0,47.4,0,0,3.0,25,1
SN Thakur,ipl2017_39,0,0,0,0,0,0,0,0,0,3.0,25,1,8.33,25.0,18.0,0,3,0,33.3,0,0,3.0,21,0
SN Thakur,ipl2017_41,0,0,0,0,0,0,0,0,0,3.0,21,0,7.00,0,0,0,3,0,33.3,0,1,2.0,12,0
SN Thakur,ipl2017_44,0,1,1,0.0,0,0,0,0,100.0,2.0,12,0,6.00,0,0,0,2,0,50.0,0,0,3.0,35,0
SN Thakur,ipl2017_52,0,0,0,0,0,0,0,0,0,3.0,35,0,11.67,0,0,0,3,2,38.9,0,0,4.0,19,3
SN Thakur,ipl2017_55,0,0,0,0,0,0,0,0,0,4.0,19,3,4.75,6.3,8.0,0,3,0,75.0,0,0,4.0,37,3
SN Thakur,ipl2017_57,0,0,0,0,0,0,0,0,0,4.0,37,3,9.25,12.3,8.0,0,4,1,33.3,0,0,2.0,7,0
SN Thakur,ipl2017_60,0,0,0,0,0,0,0,0,0,2.0,7,0,3.50,0,0,0,0,0,58.3,0,0,4.0,37,1
SN Thakur,ipl2018_05,0,0,0,0,0,0,0,0,0,4.0,37,1,9.25,37.0,24.0,0,1,4,45.8,0,0,3.0,33,2
SN Thakur,ipl2018_12,0,0,0,0,0,0,0,0,0,3.0,33,2,11.00,16.5,9.0,0,3,1,22.2,0,0,3.0,18,2
SN Thakur,ipl2018_17,0,0,0,0,0,0,0,0,0,3.0,18,2,6.00,9.0,9.0,0,2,0,50.0,0,0,4.0,45,1
SN Thakur,ipl2018_20,0,0,0,0,0,0,0,0,0,4.0,45,1,11.25,45.0,24.0,0,4,3,41.7,0,0,4.0,46,2
SN Thakur,ipl2018_24,0,0,0,0,0,0,0,0,0,4.0,46,2,11.50,23.0,12.0,0,1,5,50.0,0,0,4.0,38,0
SN Thakur,ipl2018_27,0,0,0,0,0,0,0,0,0,4.0,38,0,9.50,0,0,0,5,1,41.7,0,0,2.0,19,0
SN Thakur,ipl2018_35,0,0,0,0,0,0,0,0,0,2.0,19,0,9.50,0,0,0,2,1,41.7,0,0,4.0,22,1
SN Thakur,ipl2018_43,0,0,0,0,0,0,0,0,0,4.0,22,1,5.50,22.0,24.0,0,3,0,62.5,0,0,4.0,32,2
SN Thakur,ipl2018_46,0,0,0,0,0,0,0,0,0,4.0,32,2,8.00,16.0,12.0,0,3,1,54.2,0,0,4.0,27,1
SN Thakur,ipl2018_52,0,0,0,0,0,0,0,0,0,4.0,27,1,6.75,27.0,24.0,0,2,1,41.7,0,0,3.4,33,2
SN Thakur,ipl2018_56,0,0,0,0,0,0,0,0,0,3.4,33,2,9.00,16.5,11.0,0,3,1,50.0,15,5,4.0,50,1
SN Thakur,ipl2018_57,15,5,0,300.0,0,0,3,0,0.0,4.0,50,1,12.50,50.0,24.0,0,3,4,50.0,0,0,3.0,31,1
SN Thakur,ipl2018_60,0,0,0,0,0,0,0,0,0,3.0,31,1,10.33,31.0,18.0,0,1,2,33.3,0,0,2.0,19,0
SN Thakur,ipl2019_05,0,0,0,0,0,0,0,0,0,2.0,19,0,9.50,0,0,0,4,0,41.7,0,0,4.0,42,2
SN Thakur,ipl2019_12,0,0,0,0,0,0,0,0,0,4.0,42,2,10.50,21.0,12.0,0,4,2,37.5,12,5,4.0,37,0
SN Thakur,ipl2019_15,12,5,0,240.0,0,0,1,1,20.0,4.0,37,0,9.25,0,0,0,3,2,50.0,0,0,4.0,44,2
SN Thakur,ipl2019_25,0,0,0,0,0,0,0,0,0,4.0,44,2,11.00,22.0,12.0,0,5,1,25.0,0,0,4.0,18,2
SN Thakur,ipl2019_29,0,0,0,0,0,0,0,0,0,4.0,18,2,4.50,9.0,12.0,0,2,0,62.5,0,0,3.0,31,0
SN Thakur,ipl2019_33,0,0,0,0,0,0,0,0,0,3.0,31,0,10.33,0,0,0,4,0,38.9,0,0,4.0,40,0
SN Thakur,ipl2019_39,0,0,0,0,0,0,0,0,0,4.0,40,0,10.00,0,0,0,4,2,37.5,0,0,1.0,13,0
SN Thakur,ipl2019_59,0,0,0,0,0,0,0,0,0,1.0,13,0,13.00,0,0,0,3,0,33.3,2,2,4.0,37,2
SN Thakur,ipl2019_60,2,2,1,100.0,0,0,0,0,50.0,4.0,37,2,9.25,18.5,12.0,0,0,4,41.7,0,0,4.0,32,1
SN Thakur,ipl2020_14,0,0,0,0,0,0,0,0,0,4.0,32,1,8.00,32.0,24.0,0,3,0,45.8,0,0,4.0,39,2
SN Thakur,ipl2020_18,0,0,0,0,0,0,0,0,0,4.0,39,2,9.75,19.5,12.0,0,5,1,37.5,0,0,4.0,28,2
SN Thakur,ipl2020_21,0,0,0,0,0,0,0,0,0,4.0,28,2,7.00,14.0,12.0,0,3,1,62.5,1,1,4.0,40,2
SN Thakur,ipl2020_25,1,1,0,100.0,0,0,0,0,0.0,4.0,40,2,10.00,20.0,12.0,0,4,1,41.7,0,0,2.0,10,1
SN Thakur,ipl2020_29,0,0,0,0,0,0,0,0,0,2.0,10,1,5.00,10.0,12.0,0,0,0,41.7,0,0,4.0,39,1
SN Thakur,ipl2020_34,0,0,0,0,0,0,0,0,0,4.0,39,1,9.75,39.0,24.0,0,3,2,20.8,0,0,4.0,34,0
SN Thakur,ipl2020_37,0,0,0,0,0,0,0,0,0,4.0,34,0,8.50,0,0,0,3,1,37.5,11,20,2.2,26,0
SN Thakur,ipl2020_41,11,20,1,55.0,0,0,0,0,50.0,2.2,26,0,11.14,0,0,0,2,2,28.6,0,0,4.0,27,1
SN Thakur,ipl2020_53,0,0,0,0,0,0,0,0,0,4.0,27,1,6.75,27.0,24.0,0,3,0,33.3,0,0,3.4,53,2
SN Thakur,ipl2021_02,0,0,0,0,0,0,0,0,0,3.4,53,2,14.45,26.5,11.0,0,11,0,36.4,0,0,4.0,35,0
SN Thakur,ipl2021_08,0,0,0,0,0,0,0,0,0,4.0,35,0,8.75,0,0,0,5,0,37.5,1,1,3.0,20,1
SN Thakur,ipl2021_12,1,1,0,100.0,0,0,0,0,0.0,3.0,20,1,6.67,20.0,18.0,0,3,0,61.1,0,0,3.1,48,0
SN Thakur,ipl2021_15,0,0,0,0,0,0,0,0,0,3.1,48,0,15.16,0,0,0,4,3,52.6,0,0,4.0,11,1
SN Thakur,ipl2021_19,0,0,0,0,0,0,0,0,0,4.0,11,1,2.75,11.0,24.0,0,1,0,70.8,0,0,4.0,44,0
SN Thakur,ipl2021_23,0,0,0,0,0,0,0,0,0,4.0,44,0,11.00,0,0,0,5,1,20.8,0,0,4.0,56,1
SN Thakur,ipl2021_27,0,0,0,0,0,0,0,0,0,4.0,56,1,14.00,56.0,24.0,0,4,3,37.5,1,1,4.0,29,1
SN Thakur,ipl2021_30,1,1,0,100.0,0,0,0,0,0.0,4.0,29,1,7.25,29.0,24.0,0,2,1,45.8,0,0,4.0,29,2
SN Thakur,ipl2021_35,0,0,0,0,0,0,0,0,0,4.0,29,2,7.25,14.5,12.0,0,1,2,37.5,3,2,4.0,20,2
SN Thakur,ipl2021_38,3,2,0,150.0,0,0,0,0,50.0,4.0,20,2,5.00,10.0,12.0,0,1,0,41.7,0,0,4.0,37,1
SN Thakur,ipl2021_44,0,0,0,0,0,0,0,0,0,4.0,37,1,9.25,37.0,24.0,0,4,0,37.5,0,0,4.0,30,2
SN Thakur,ipl2021_47,0,0,0,0,0,0,0,0,0,4.0,30,2,7.50,15.0,12.0,0,3,1,54.2,0,0,4.0,13,2
SN Thakur,ipl2021_50,0,0,0,0,0,0,0,0,0,4.0,13,2,3.25,6.5,12.0,0,0,0,50.0,0,0,3.0,28,3
SN Thakur,ipl2021_53,0,0,0,0,0,0,0,0,0,3.0,28,3,9.33,9.3,6.0,0,3,2,55.6,0,1,3.0,36,0
SN Thakur,ipl2021_57,0,1,1,0.0,0,0,0,0,100.0,3.0,36,0,12.00,0,0,0,1,3,38.9,0,0,4.0,38,3
SN Thakur,ipl2021_60,0,0,0,0,0,0,0,0,0,4.0,38,3,9.50,12.7,8.0,0,3,1,62.5,22,11,4.0,47,0
SN Thakur,ipl2022_02,22,11,1,200.0,0,0,4,0,18.2,4.0,47,0,11.75,0,0,0,3,4,37.5,2,5,4.0,42,0
SN Thakur,ipl2022_10,2,5,1,40.0,0,0,0,0,80.0,4.0,42,0,10.50,0,0,0,4,1,33.3,0,0,3.4,29,1
SN Thakur,ipl2022_15,0,0,0,0,0,0,0,0,0,3.4,29,1,7.91,29.0,22.0,0,3,1,40.9,29,11,2.4,30,2
SN Thakur,ipl2022_19,29,11,0,263.6,0,0,1,3,9.1,2.4,30,2,11.25,15.0,8.0,0,3,2,31.2,17,9,4.0,27,1
SN Thakur,ipl2022_27,17,9,1,188.9,0,0,0,2,33.3,4.0,27,1,6.75,27.0,24.0,0,3,1,62.5,0,0,2.0,20,0
SN Thakur,ipl2022_32,0,0,0,0,0,0,0,0,0,2.0,20,0,10.00,0,0,0,4,0,41.7,10,7,3.0,29,0
SN Thakur,ipl2022_34,10,7,1,142.9,0,0,0,1,28.6,3.0,29,0,9.67,0,0,0,2,2,55.6,8,14,3.0,32,0
SN Thakur,ipl2022_41,8,14,0,57.1,0,0,0,0,50.0,3.0,32,0,10.67,0,0,0,2,1,22.2,1,2,4.0,40,3
SN Thakur,ipl2022_45,1,2,1,50.0,0,0,0,0,50.0,4.0,40,3,10.00,13.3,8.0,0,3,1,54.2,0,0,4.0,44,2
SN Thakur,ipl2022_50,0,0,0,0,0,0,0,0,0,4.0,44,2,11.00,22.0,12.0,0,4,2,50.0,24,19,3.0,38,0
SN Thakur,ipl2022_55,24,19,1,126.3,0,0,2,1,36.8,3.0,38,0,12.67,0,0,0,4,2,38.9,0,0,4.0,27,0
SN Thakur,ipl2022_58,0,0,0,0,0,0,0,0,0,4.0,27,0,6.75,0,0,0,4,0,54.2,3,4,4.0,36,4
SN Thakur,ipl2022_64,3,4,1,75.0,0,0,0,0,25.0,4.0,36,4,9.00,9.0,6.0,0,3,2,54.2,4,5,3.0,32,2
SN Thakur,ipl2022_69,4,5,1,80.0,0,0,0,0,40.0,3.0,32,2,10.67,16.0,9.0,0,0,4,55.6,8,3,4.0,43,0
SN Thakur,ipl2023_02,8,3,0,266.7,0,0,0,1,0.0,4.0,43,0,10.75,0,0,0,4,2,29.2,68,29,2.0,15,1
SN Thakur,ipl2023_09,68,29,1,234.5,1,0,9,3,17.2,2.0,15,1,7.50,15.0,12.0,0,2,0,33.3,0,1,3.0,40,0
SN Thakur,ipl2023_13,0,1,1,0.0,0,0,0,0,100.0,3.0,40,0,13.33,0,0,0,3,3,27.8,12,7,0.5,14,0
SN Thakur,ipl2023_19,12,7,1,171.4,0,0,2,0,28.6,0.5,14,0,16.80,0,0,0,3,0,0.0,13,11,2.0,25,1
SN Thakur,ipl2023_22,13,11,1,118.2,0,0,1,0,18.2,2.0,25,1,12.50,25.0,12.0,0,3,1,25.0,0,4,0,0,0
SN Thakur,ipl2023_39,0,4,1,0.0,0,0,0,0,100.0,0,0,0,0,0,0,0,0,0,0,8,6,3.0,23,2
SN Thakur,ipl2023_47,8,6,1,133.3,0,0,1,0,33.3,3.0,23,2,7.67,11.5,9.0,0,3,0,33.3,1,2,1.1,18,0
SN Thakur,ipl2023_56,1,2,1,50.0,0,0,0,0,50.0,1.1,18,0,15.43,0,0,0,4,0,14.3,0,0,3.0,15,1
SN Thakur,ipl2023_61,0,0,0,0,0,0,0,0,0,3.0,15,1,5.00,15.0,18.0,0,1,0,44.4,0,0,0,0,0
RA Jadeja,ipl2015_02,17,18,1,94.4,0,0,1,1,50.0,0,0,0,0,0,0,0,0,0,0,0,1,1.0,17,0
RA Jadeja,ipl2015_04,0,1,1,0.0,0,0,0,0,100.0,1.0,17,0,17.00,0,0,0,0,2,0.0,24,30,2.0,25,0
RA Jadeja,ipl2015_10,24,30,1,80.0,0,0,1,1,46.7,2.0,25,0,12.50,0,0,0,3,1,8.3,0,0,4.0,49,0
RA Jadeja,ipl2015_13,0,0,0,0,0,0,0,0,0,4.0,49,0,12.25,0,0,0,2,5,41.7,0,0,4.0,29,1
RA Jadeja,ipl2015_16,0,0,0,0,0,0,0,0,0,4.0,29,1,7.25,29.0,24.0,0,0,2,29.2,8,8,4.0,37,1
RA Jadeja,ipl2015_21,8,8,1,100.0,0,0,1,0,50.0,4.0,37,1,9.25,37.0,24.0,0,1,3,29.2,18,11,4.0,22,3
RA Jadeja,ipl2015_25,18,11,0,163.6,0,0,2,0,18.2,4.0,22,3,5.50,7.3,8.0,0,1,1,41.7,15,20,3.0,11,0
RA Jadeja,ipl2015_31,15,20,1,75.0,0,0,0,0,40.0,3.0,11,0,3.67,0,0,0,1,0,55.6,14,12,0,0,0
RA Jadeja,ipl2015_35,14,12,0,116.7,0,0,0,0,8.3,0,0,0,0,0,0,0,0,0,0,3,4,2.0,11,0
RA Jadeja,ipl2015_38,3,4,1,75.0,0,0,0,0,25.0,2.0,11,0,5.50,0,0,0,1,0,41.7,0,0,4.0,27,0
RA Jadeja,ipl2015_43,0,0,0,0,0,0,0,0,0,4.0,27,0,6.75,0,0,0,2,0,20.8,0,0,4.0,11,4
RA Jadeja,ipl2015_47,0,0,0,0,0,0,0,0,0,4.0,11,4,2.75,2.8,6.0,0,0,0,54.2,3,4,2.4,16,0
RA Jadeja,ipl2015_49,3,4,0,75.0,0,0,0,0,25.0,2.4,16,0,6.00,0,0,0,2,0,37.5,0,0,3.0,18,1
RA Jadeja,ipl2015_53,0,0,0,0,0,0,0,0,0,3.0,18,1,6.00,18.0,18.0,0,2,0,38.9,19,10,2.0,18,1
RA Jadeja,ipl2015_57,19,10,1,190.0,0,0,1,1,10.0,2.0,18,1,9.00,18.0,12.0,0,0,2,41.7,0,0,1.0,13,0
RA Jadeja,ipl2015_59,0,0,0,0,0,0,0,0,0,1.0,13,0,13.00,0,0,0,2,0,16.7,11,8,2.0,26,0
RA Jadeja,ipl2015_60,11,8,0,137.5,0,0,1,0,0.0,2.0,26,0,13.00,0,0,0,4,1,25.0,8,12,4.0,30,2
RA Jadeja,ipl2016_03,8,12,0,66.7,0,0,0,0,50.0,4.0,30,2,7.50,15.0,12.0,0,1,2,45.8,4,8,4.0,18,2
RA Jadeja,ipl2016_06,4,8,0,50.0,0,0,0,0,50.0,4.0,18,2,4.50,9.0,12.0,0,0,1,58.3,14,14,2.5,20,0
RA Jadeja,ipl2016_15,14,14,1,100.0,0,0,0,0,21.4,2.5,20,0,7.06,0,0,0,1,0,29.4,12,10,3.0,17,0
RA Jadeja,ipl2016_19,12,10,1,120.0,0,0,0,1,30.0,3.0,17,0,5.67,0,0,0,1,0,27.8,4,7,1.0,14,0
RA Jadeja,ipl2016_23,4,7,1,57.1,0,0,0,0,42.9,1.0,14,0,14.00,0,0,0,1,1,0.0,0,1,4.0,37,0
RA Jadeja,ipl2016_25,0,1,1,0.0,0,0,0,0,100.0,4.0,37,0,9.25,0,0,0,0,3,37.5,11,11,3.0,28,1
RA Jadeja,ipl2016_28,11,11,1,100.0,0,0,0,0,27.3,3.0,28,1,9.33,28.0,18.0,0,2,1,44.4,36,26,2.2,21,1
RA Jadeja,ipl2016_31,36,26,0,138.5,0,0,4,1,38.5,2.2,21,1,9.00,21.0,14.0,0,1,1,28.6,18,13,2.0,14,0
RA Jadeja,ipl2016_34,18,13,1,138.5,0,0,2,0,23.1,2.0,14,0,7.00,0,0,0,1,0,33.3,9,9,3.0,25,0
RA Jadeja,ipl2016_38,9,9,0,100.0,0,0,0,1,66.7,3.0,25,0,8.33,0,0,0,3,0,16.7,21,19,4.0,34,0
RA Jadeja,ipl2016_44,21,19,1,110.5,0,0,2,1,47.4,4.0,34,0,8.50,0,0,0,1,3,41.7,11,10,2.0,17,0
RA Jadeja,ipl2016_51,11,10,0,110.0,0,0,1,0,30.0,2.0,17,0,8.50,0,0,0,1,1,25.0,21,15,1.0,15,0
RA Jadeja,ipl2016_54,21,15,0,140.0,0,0,4,0,46.7,1.0,15,0,15.00,0,0,0,1,1,0.0,3,7,4.0,21,2
RA Jadeja,ipl2016_57,3,7,1,42.9,0,0,0,0,57.1,4.0,21,2,5.25,10.5,12.0,0,2,0,37.5,19,15,0,0,0
RA Jadeja,ipl2016_59,19,15,0,126.7,0,0,1,0,0.0,0,0,0,0,0,0,0,0,0,0,0,0,4.0,40,1
RA Jadeja,ipl2017_13,0,0,0,0,0,0,0,0,0,4.0,40,1,10.00,40.0,24.0,0,3,2,12.5,0,0,4.0,34,0
RA Jadeja,ipl2017_16,0,0,0,0,0,0,0,0,0,4.0,34,0,8.50,0,0,0,1,2,25.0,23,22,4.0,57,0
RA Jadeja,ipl2017_20,23,22,1,104.5,0,0,2,0,31.8,4.0,57,0,14.25,0,0,0,6,3,16.7,19,13,4.0,31,0
RA Jadeja,ipl2017_23,19,13,0,146.2,0,0,1,1,23.1,4.0,31,0,7.75,0,0,0,2,1,20.8,9,7,4.0,32,1
RA Jadeja,ipl2017_26,9,7,1,128.6,0,0,1,0,28.6,4.0,32,1,8.00,32.0,24.0,0,3,1,29.2,2,4,4.0,28,2
RA Jadeja,ipl2017_31,2,4,0,50.0,0,0,0,0,50.0,4.0,28,2,7.00,14.0,12.0,0,3,0,33.3,28,21,1.0,11,0
RA Jadeja,ipl2017_35,28,21,1,133.3,0,0,2,1,42.9,1.0,11,0,11.00,0,0,0,2,0,16.7,19,12,2.0,19,0
RA Jadeja,ipl2017_39,19,12,1,158.3,0,0,3,0,33.3,2.0,19,0,9.50,0,0,0,1,2,58.3,18,7,2.0,28,1
RA Jadeja,ipl2017_42,18,7,0,257.1,0,0,0,2,0.0,2.0,28,1,14.00,28.0,12.0,0,1,3,33.3,7,6,2.0,19,0
RA Jadeja,ipl2017_47,7,6,0,116.7,0,0,0,0,16.7,2.0,19,0,9.50,0,0,0,2,0,16.7,13,7,4.0,31,0
RA Jadeja,ipl2017_50,13,7,0,185.7,0,0,2,0,0.0,4.0,31,0,7.75,0,0,0,4,1,41.7,20,14,3.0,19,0
RA Jadeja,ipl2017_53,20,14,0,142.9,0,0,2,0,7.1,3.0,19,0,6.33,0,0,0,1,0,22.2,12,13,1.0,9,0
RA Jadeja,ipl2018_01,12,13,1,92.3,0,0,1,0,38.5,1.0,9,0,9.00,0,0,0,2,0,50.0,11,7,2.0,19,1
RA Jadeja,ipl2018_05,11,7,0,157.1,0,0,0,1,14.3,2.0,19,1,9.50,19.0,12.0,0,1,2,50.0,19,13,0,0,0
RA Jadeja,ipl2018_12,19,13,1,146.2,0,0,1,1,38.5,0,0,0,0,0,0,0,0,0,0,2,1,1.0,6,0
RA Jadeja,ipl2018_17,2,1,0,200.0,0,0,0,0,0.0,1.0,6,0,6.00,0,0,0,0,0,16.7,0,0,4.0,28,0
RA Jadeja,ipl2018_20,0,0,0,0,0,0,0,0,0,4.0,28,0,7.00,0,0,0,1,1,29.2,3,5,2.0,22,0
RA Jadeja,ipl2018_24,3,5,1,60.0,0,0,0,0,40.0,2.0,22,0,11.00,0,0,0,1,2,33.3,0,0,4.0,31,1
RA Jadeja,ipl2018_30,0,0,0,0,0,0,0,0,0,4.0,31,1,7.75,31.0,24.0,0,2,1,29.2,12,12,4.0,39,1
RA Jadeja,ipl2018_33,12,12,1,100.0,0,0,1,0,33.3,4.0,39,1,9.75,39.0,24.0,0,2,1,37.5,0,0,4.0,18,3
RA Jadeja,ipl2018_35,0,0,0,0,0,0,0,0,0,4.0,18,3,4.50,6.0,8.0,0,0,0,33.3,0,0,4.0,28,1
RA Jadeja,ipl2018_43,0,0,0,0,0,0,0,0,0,4.0,28,1,7.00,28.0,24.0,0,3,0,33.3,0,0,2.0,24,0
RA Jadeja,ipl2018_46,0,0,0,0,0,0,0,0,0,2.0,24,0,12.00,0,0,0,1,2,16.7,27,18,4.0,19,1
RA Jadeja,ipl2018_52,27,18,0,150.0,0,0,0,2,16.7,4.0,19,1,4.75,19.0,24.0,0,1,0,41.7,0,0,3.0,23,1
RA Jadeja,ipl2018_56,0,0,0,0,0,0,0,0,0,3.0,23,1,7.67,23.0,18.0,0,0,2,27.8,3,5,4.0,13,1
RA Jadeja,ipl2018_57,3,5,1,60.0,0,0,0,0,60.0,4.0,13,1,3.25,13.0,24.0,0,1,0,58.3,0,0,2.0,24,1
RA Jadeja,ipl2018_60,0,0,0,0,0,0,0,0,0,2.0,24,1,12.00,24.0,12.0,0,3,1,16.7,6,15,4.0,15,2
RA Jadeja,ipl2019_01,6,15,0,40.0,0,0,0,0,66.7,4.0,15,2,3.75,7.5,12.0,0,1,0,62.5,0,0,4.0,23,1
RA Jadeja,ipl2019_05,0,0,0,0,0,0,0,0,0,4.0,23,1,5.75,23.0,24.0,0,1,0,33.3,8,3,2.0,23,0
RA Jadeja,ipl2019_12,8,3,0,266.7,0,0,0,1,0.0,2.0,23,0,11.50,0,0,0,1,1,8.3,1,2,2.0,10,1
RA Jadeja,ipl2019_15,1,2,1,50.0,0,0,0,0,50.0,2.0,10,1,5.00,10.0,12.0,0,1,0,50.0,0,0,4.0,24,0
RA Jadeja,ipl2019_18,0,0,0,0,0,0,0,0,0,4.0,24,0,6.00,0,0,0,2,0,29.2,0,0,4.0,17,1
RA Jadeja,ipl2019_23,0,0,0,0,0,0,0,0,0,4.0,17,1,4.25,17.0,24.0,0,2,0,66.7,9,4,4.0,20,2
RA Jadeja,ipl2019_25,9,4,0,225.0,0,0,0,1,25.0,4.0,20,2,5.00,10.0,12.0,0,1,0,37.5,31,17,4.0,49,0
RA Jadeja,ipl2019_29,31,17,0,182.4,0,0,5,0,23.5,4.0,49,0,12.25,0,0,0,5,3,29.2,10,20,4.0,22,0
RA Jadeja,ipl2019_33,10,20,0,50.0,0,0,0,0,60.0,4.0,22,0,5.50,0,0,0,1,0,33.3,11,12,4.0,29,2
RA Jadeja,ipl2019_39,11,12,0,91.7,0,0,0,0,25.0,4.0,29,2,7.25,14.5,12.0,0,0,2,33.3,0,0,4.0,33,0
RA Jadeja,ipl2019_41,0,0,0,0,0,0,0,0,0,4.0,33,0,8.25,0,0,0,2,1,20.8,25,10,3.0,9,3
RA Jadeja,ipl2019_50,25,10,1,250.0,0,0,2,2,10.0,3.0,9,3,3.00,3.0,6.0,0,0,0,50.0,0,0,2.0,16,1
RA Jadeja,ipl2019_55,0,0,0,0,0,0,0,0,0,2.0,16,1,8.00,16.0,12.0,0,1,1,41.7,0,0,4.0,18,0
RA Jadeja,ipl2019_57,0,0,0,0,0,0,0,0,0,4.0,18,0,4.50,0,0,0,2,0,58.3,0,0,3.0,23,2
RA Jadeja,ipl2019_59,0,0,0,0,0,0,0,0,0,3.0,23,2,7.67,11.5,9.0,0,1,2,50.0,5,5,2.0,12,0
RA Jadeja,ipl2019_60,5,5,0,100.0,0,0,0,0,40.0,2.0,12,0,6.00,0,0,0,1,0,25.0,10,5,4.0,42,2
RA Jadeja,ipl2020_01,10,5,1,200.0,0,0,2,0,20.0,4.0,42,2,10.50,21.0,12.0,0,2,3,20.8,1,2,4.0,40,0
RA Jadeja,ipl2020_04,1,2,0,50.0,0,0,0,0,50.0,4.0,40,0,10.00,0,0,0,0,4,33.3,12,9,4.0,44,0
RA Jadeja,ipl2020_07,12,9,1,133.3,0,0,1,0,22.2,4.0,44,0,11.00,0,0,0,4,2,16.7,50,35,2.0,16,0
RA Jadeja,ipl2020_14,50,35,1,142.9,1,0,5,2,37.1,2.0,16,0,8.00,0,0,0,1,1,41.7,0,0,4.0,30,1
RA Jadeja,ipl2020_18,0,0,0,0,0,0,0,0,0,4.0,30,1,7.50,30.0,24.0,0,1,1,29.2,21,8,0,0,0
RA Jadeja,ipl2020_21,21,8,0,262.5,0,0,3,1,12.5,0,0,0,0,0,0,0,0,0,0,7,6,2.0,7,0
RA Jadeja,ipl2020_25,7,6,1,116.7,0,0,1,0,33.3,2.0,7,0,3.50,0,0,0,0,0,50.0,25,10,3.0,21,1
RA Jadeja,ipl2020_29,25,10,0,250.0,0,0,3,1,0.0,3.0,21,1,7.00,21.0,18.0,0,2,0,27.8,33,13,1.5,35,0
RA Jadeja,ipl2020_34,33,13,0,253.8,0,0,0,4,15.4,1.5,35,0,19.09,0,0,0,2,3,9.1,35,30,1.3,11,0
RA Jadeja,ipl2020_37,35,30,0,116.7,0,0,4,0,33.3,1.3,11,0,7.33,0,0,0,1,0,22.2,7,6,1.0,15,0
RA Jadeja,ipl2020_41,7,6,1,116.7,0,0,1,0,50.0,1.0,15,0,15.00,0,0,0,0,2,16.7,0,0,3.0,20,0
RA Jadeja,ipl2020_44,0,0,0,0,0,0,0,0,0,3.0,20,0,6.67,0,0,0,0,1,22.2,31,11,3.0,20,1
RA Jadeja,ipl2020_49,31,11,0,281.8,0,0,2,3,18.2,3.0,20,1,6.67,20.0,18.0,0,2,0,33.3,0,0,3.0,17,1
RA Jadeja,ipl2020_53,0,0,0,0,0,0,0,0,0,3.0,17,1,5.67,17.0,18.0,0,0,0,27.8,26,17,2.0,16,0
RA Jadeja,ipl2021_02,26,17,0,152.9,0,0,3,0,11.8,2.0,16,0,8.00,0,0,0,0,1,16.7,0,0,4.0,19,0
RA Jadeja,ipl2021_08,0,0,0,0,0,0,0,0,0,4.0,19,0,4.75,0,0,0,1,1,62.5,8,7,4.0,28,2
RA Jadeja,ipl2021_12,8,7,1,114.3,0,0,1,0,28.6,4.0,28,2,7.00,14.0,12.0,0,2,1,37.5,6,1,4.0,33,0
RA Jadeja,ipl2021_15,6,1,0,600.0,0,0,0,1,0.0,4.0,33,0,8.25,0,0,0,3,1,33.3,62,28,4.0,13,3
RA Jadeja,ipl2021_19,62,28,0,221.4,1,0,4,5,25.0,4.0,13,3,3.25,4.3,8.0,0,1,0,62.5,7,6,3.0,23,0
RA Jadeja,ipl2021_23,7,6,0,116.7,0,0,1,0,33.3,3.0,23,0,7.67,0,0,0,1,1,38.9,22,22,3.0,29,1
RA Jadeja,ipl2021_27,22,22,0,100.0,0,0,2,0,27.3,3.0,29,1,9.67,29.0,18.0,0,0,3,27.8,26,33,1.0,13,0
RA Jadeja,ipl2021_30,26,33,1,78.8,0,0,1,0,48.5,1.0,13,0,13.00,0,0,0,1,1,16.7,0,0,4.0,31,0
RA Jadeja,ipl2021_35,0,0,0,0,0,0,0,0,0,4.0,31,0,7.75,0,0,0,2,1,29.2,22,8,4.0,21,1
RA Jadeja,ipl2021_38,22,8,1,275.0,0,0,2,2,25.0,4.0,21,1,5.25,21.0,24.0,0,0,0,20.8,0,0,3.0,14,1
RA Jadeja,ipl2021_44,0,0,0,0,0,0,0,0,0,3.0,14,1,4.67,14.0,18.0,0,0,0,27.8,32,15,1.0,9,0
RA Jadeja,ipl2021_47,32,15,0,213.3,0,0,4,1,20.0,1.0,9,0,9.00,0,0,0,0,1,50.0,1,2,4.0,28,2
RA Jadeja,ipl2021_50,1,2,0,50.0,0,0,0,0,50.0,4.0,28,2,7.00,14.0,12.0,0,3,0,45.8,15,17,1.0,9,0
RA Jadeja,ipl2021_53,15,17,0,88.2,0,0,1,0,29.4,1.0,9,0,9.00,0,0,0,0,1,33.3,0,0,3.0,23,1
RA Jadeja,ipl2021_57,0,0,0,0,0,0,0,0,0,3.0,23,1,7.67,23.0,18.0,0,3,0,22.2,0,0,4.0,37,2
RA Jadeja,ipl2021_60,0,0,0,0,0,0,0,0,0,4.0,37,2,9.25,18.5,12.0,0,3,2,41.7,26,28,4.0,25,0
RA Jadeja,ipl2022_01,26,28,0,92.9,0,0,0,1,28.6,4.0,25,0,6.25,0,0,0,1,1,33.3,17,9,2.0,21,0
RA Jadeja,ipl2022_07,17,9,1,188.9,0,0,3,0,22.2,2.0,21,0,10.50,0,0,0,2,1,25.0,0,3,4.0,34,1
RA Jadeja,ipl2022_11,0,3,1,0.0,0,0,0,0,100.0,4.0,34,1,8.50,34.0,24.0,0,2,2,54.2,23,15,3.0,21,0
RA Jadeja,ipl2022_17,23,15,1,153.3,0,0,2,1,33.3,3.0,21,0,7.00,0,0,0,1,0,22.2,0,1,4.0,39,3
RA Jadeja,ipl2022_22,0,1,1,0.0,0,0,0,0,100.0,4.0,39,3,9.75,13.0,8.0,0,4,2,41.7,22,12,3.0,25,1
RA Jadeja,ipl2022_29,22,12,0,183.3,0,0,0,2,16.7,3.0,25,1,8.33,25.0,18.0,0,1,2,33.3,3,8,4.0,30,0
RA Jadeja,ipl2022_33,3,8,1,37.5,0,0,0,0,62.5,4.0,30,0,7.50,0,0,0,2,1,33.3,21,16,2.0,18,0
RA Jadeja,ipl2022_38,21,16,0,131.2,0,0,1,1,31.2,2.0,18,0,9.00,0,0,0,0,1,25.0,1,1,3.0,15,0
RA Jadeja,ipl2022_46,1,1,0,100.0,0,0,0,0,0.0,3.0,15,0,5.00,0,0,0,0,1,44.4,3,5,4.0,20,0
RA Jadeja,ipl2022_49,3,5,1,60.0,0,0,0,0,40.0,4.0,20,0,5.00,0,0,0,1,0,29.2,1,2,4.0,28,1
RA Jadeja,ipl2023_01,1,2,1,50.0,0,0,0,0,50.0,4.0,28,1,7.00,28.0,24.0,0,1,1,37.5,3,6,1.0,14,0
RA Jadeja,ipl2023_06,3,6,1,50.0,0,0,0,0,50.0,1.0,14,0,14.00,0,0,0,0,2,33.3,0,0,4.0,20,3
RA Jadeja,ipl2023_12,0,0,0,0,0,0,0,0,0,4.0,20,3,5.00,6.7,8.0,0,0,1,37.5,25,15,4.0,21,2
RA Jadeja,ipl2023_17,25,15,0,166.7,0,0,1,2,20.0,4.0,21,2,5.25,10.5,12.0,0,0,0,58.3,10,8,4.0,37,0
RA Jadeja,ipl2023_24,10,8,1,125.0,0,0,0,1,37.5,4.0,37,0,9.25,0,0,0,0,3,12.5,0,0,4.0,22,3
RA Jadeja,ipl2023_29,0,0,0,0,0,0,0,0,0,4.0,22,3,5.50,7.3,8.0,0,1,0,33.3,18,8,3.0,34,1
RA Jadeja,ipl2023_33,18,8,1,225.0,0,0,0,2,25.0,3.0,34,1,11.33,34.0,18.0,0,2,3,27.8,23,15,4.0,32,1
RA Jadeja,ipl2023_37,23,15,0,153.3,0,0,3,0,13.3,4.0,32,1,8.00,32.0,24.0,0,2,1,29.2,12,10,4.0,32,2
RA Jadeja,ipl2023_42,12,10,1,120.0,0,0,0,0,20.0,4.0,32,2,8.00,16.0,12.0,0,1,2,33.3,0,0,3.0,11,1
RA Jadeja,ipl2023_45,0,0,0,0,0,0,0,0,0,3.0,11,1,3.67,11.0,18.0,0,0,0,44.4,0,0,4.0,37,1
RA Jadeja,ipl2023_49,0,0,0,0,0,0,0,0,0,4.0,37,1,9.25,37.0,24.0,0,5,0,25.0,21,16,4.0,19,1
RA Jadeja,ipl2023_55,21,16,1,131.2,0,0,1,1,31.2,4.0,19,1,4.75,19.0,24.0,0,1,0,41.7,20,24,2.0,18,0
RA Jadeja,ipl2023_61,20,24,1,83.3,0,0,0,1,41.7,2.0,18,0,9.00,0,0,0,0,2,33.3,0,0,0,0,0
S Dube,ipl2019_01,2,5,1,40.0,0,0,0,0,60.0,0.4,3,0,4.50,0,0,0,0,0,75.0,9,5,0,0,0
S Dube,ipl2019_07,9,5,0,180.0,0,0,0,1,20.0,0,0,0,0,0,0,0,0,0,0,5,7,0,0,0
S Dube,ipl2019_11,5,7,1,71.4,0,0,1,0,71.4,0,0,0,0,0,0,0,0,0,0,24,16,1.0,5,0
S Dube,ipl2019_46,24,16,1,150.0,0,0,0,2,18.8,1.0,5,0,5.00,0,0,0,0,0,16.7,7,8,3.0,15,2
S Dube,ipl2020_03,7,8,1,87.5,0,0,0,0,25.0,3.0,15,2,5.00,7.5,9.0,0,1,0,38.9,12,12,3.0,33,2
S Dube,ipl2020_06,12,12,1,100.0,0,0,0,1,50.0,3.0,33,2,11.00,16.5,9.0,0,2,2,16.7,27,10,0,0,0
S Dube,ipl2020_10,27,10,0,270.0,0,0,1,3,10.0,0,0,0,0,0,0,0,0,0,0,0,0,1.0,4,0
S Dube,ipl2020_15,0,0,0,0,0,0,0,0,0,1.0,4,0,4.00,0,0,0,0,0,33.3,11,12,0,0,0
S Dube,ipl2020_19,11,12,1,91.7,0,0,0,1,50.0,0,0,0,0,0,0,0,0,0,0,22,14,1.0,14,0
S Dube,ipl2020_25,22,14,0,157.1,0,0,2,1,35.7,1.0,14,0,14.00,0,0,0,2,0,16.7,23,19,0,0,0
S Dube,ipl2020_31,23,19,1,121.1,0,0,0,2,36.8,0,0,0,0,0,0,0,0,0,0,2,6,0,0,0
S Dube,ipl2020_48,2,6,1,33.3,0,0,0,0,66.7,0,0,0,0,0,0,0,0,0,0,17,11,0,0,0
S Dube,ipl2020_55,17,11,1,154.5,0,0,2,1,54.5,0,0,0,0,0,0,0,0,0,0,8,13,1.0,7,0
S Dube,ipl2020_58,8,13,1,61.5,0,0,0,0,46.2,1.0,7,0,7.00,0,0,0,1,0,33.3,23,15,1.0,20,0
S Dube,ipl2021_04,23,15,1,153.3,0,0,3,0,20.0,1.0,20,0,20.00,0,0,0,0,3,16.7,2,7,0,0,0
S Dube,ipl2021_07,2,7,1,28.6,0,0,0,0,71.4,0,0,0,0,0,0,0,0,0,0,17,20,0,0,0
S Dube,ipl2021_12,17,20,1,85.0,0,0,2,0,45.0,0,0,0,0,0,0,0,0,0,0,46,32,0,0,0
S Dube,ipl2021_16,46,32,1,143.8,0,0,5,2,37.5,0,0,0,0,0,0,0,0,0,0,22,18,1.0,5,0
S Dube,ipl2021_18,22,18,1,122.2,0,0,2,1,38.9,1.0,5,0,5.00,0,0,0,0,0,33.3,35,31,1.0,6,0
S Dube,ipl2021_24,35,31,1,112.9,0,0,2,2,38.7,1.0,6,0,6.00,0,0,0,0,0,66.7,64,42,0,0,0
S Dube,ipl2021_47,64,42,0,152.4,1,0,4,4,31.0,0,0,0,0,0,0,0,0,0,0,3,8,0,0,0
S Dube,ipl2021_51,3,8,1,37.5,0,0,0,0,62.5,0,0,0,0,0,0,0,0,0,0,18,20,2.0,18,0
S Dube,ipl2021_54,18,20,1,90.0,0,0,0,1,45.0,2.0,18,0,9.00,0,0,0,2,0,8.3,3,6,1.0,11,0
S Dube,ipl2022_01,3,6,1,50.0,0,0,0,0,50.0,1.0,11,0,11.00,0,0,0,2,0,16.7,49,30,1.0,25,0
S Dube,ipl2022_07,49,30,1,163.3,0,0,5,2,26.7,1.0,25,0,25.00,0,0,0,2,2,33.3,57,30,0,0,0
S Dube,ipl2022_11,57,30,1,190.0,1,0,6,3,26.7,0,0,0,0,0,0,0,0,0,0,3,5,0,0,0
S Dube,ipl2022_17,3,5,1,60.0,0,0,0,0,40.0,0,0,0,0,0,0,0,0,0,0,95,46,0,0,0
S Dube,ipl2022_22,95,46,0,206.5,1,0,5,8,23.9,0,0,0,0,0,0,0,0,0,0,19,17,0,0,0
S Dube,ipl2022_29,19,17,0,111.8,0,0,2,0,29.4,0,0,0,0,0,0,0,0,0,0,13,14,0,0,0
S Dube,ipl2022_33,13,14,1,92.9,0,0,0,1,57.1,0,0,0,0,0,0,0,0,0,0,8,7,0,0,0
S Dube,ipl2022_38,8,7,1,114.3,0,0,1,0,42.9,0,0,0,0,0,0,0,0,0,0,32,19,0,0,0
S Dube,ipl2022_55,32,19,1,168.4,0,0,2,2,26.3,0,0,0,0,0,0,0,0,0,0,10,9,0,0,0
S Dube,ipl2022_59,10,9,1,111.1,0,0,1,0,44.4,0,0,0,0,0,0,0,0,0,0,0,2,0,0,0
S Dube,ipl2022_62,0,2,1,0.0,0,0,0,0,100.0,0,0,0,0,0,0,0,0,0,0,19,18,0,0,0
S Dube,ipl2023_01,19,18,1,105.6,0,0,0,1,38.9,0,0,0,0,0,0,0,0,0,0,27,16,0,0,0
S Dube,ipl2023_06,27,16,1,168.8,0,0,1,3,43.8,0,0,0,0,0,0,0,0,0,0,28,26,0,0,0
S Dube,ipl2023_12,28,26,1,107.7,0,0,2,1,42.3,0,0,0,0,0,0,0,0,0,0,8,9,0,0,0
S Dube,ipl2023_17,8,9,1,88.9,0,0,1,0,44.4,0,0,0,0,0,0,0,0,0,0,52,27,0,0,0
S Dube,ipl2023_24,52,27,1,192.6,1,0,2,5,29.6,0,0,0,0,0,0,0,0,0,0,50,21,0,0,0
S Dube,ipl2023_33,50,21,1,238.1,1,0,2,5,19.0,0,0,0,0,0,0,0,0,0,0,52,33,0,0,0
S Dube,ipl2023_37,52,33,1,157.6,1,0,2,4,24.2,0,0,0,0,0,0,0,0,0,0,28,17,0,0,0
S Dube,ipl2023_42,28,17,1,164.7,0,0,1,2,23.5,0,0,0,0,0,0,0,0,0,0,26,18,0,0,0
S Dube,ipl2023_49,26,18,0,144.4,0,0,0,3,38.9,0,0,0,0,0,0,0,0,0,0,25,12,0,0,0
S Dube,ipl2023_55,25,12,1,208.3,0,0,0,3,16.7,0,0,0,0,0,0,0,0,0,0,48,34,0,0,0
S Dube,ipl2023_61,48,34,0,141.2,0,0,1,3,23.5,0,0,0,0,0,0,0,0,0,0,63,42,3.0,33,0
S Dube,smat2021_013,63,42,1,150.0,1,0,3,5,35.7,3.0,33,0,11.00,0,0,0,2,3,44.4,26,13,1.0,13,0
S Dube,smat2021_038,26,13,1,200.0,0,0,2,2,30.8,1.0,13,0,13.00,0,0,0,0,1,16.7,28,25,4.0,8,2
S Dube,smat2021_069,28,25,1,112.0,0,0,2,1,36.0,4.0,8,2,2.00,4.0,12.0,0,0,0,66.7,44,27,4.0,36,1
S Dube,smat2021_095,44,27,0,163.0,0,0,3,2,14.8,4.0,36,1,9.00,36.0,24.0,0,2,3,41.7,0,0,3.0,23,1
S Dube,smat2022_033,0,0,0,0,0,0,0,0,0,3.0,23,1,7.67,23.0,18.0,0,1,1,22.2,17,7,0,0,0
S Dube,smat2022_045,17,7,0,242.9,0,0,2,1,14.3,0,0,0,0,0,0,0,0,0,0,29,30,2.0,6,0
S Dube,smat2022_094,29,30,0,96.7,0,0,2,0,33.3,2.0,6,0,3.00,0,0,0,0,0,50.0,25,13,4.0,54,1
S Dube,smat2022_133,25,13,0,192.3,0,0,3,1,15.4,4.0,54,1,13.50,54.0,24.0,0,5,2,25.0,13,4,2.0,15,2
S Dube,smat2022_135,13,4,0,325.0,0,0,0,2,25.0,2.0,15,2,7.50,7.5,6.0,0,2,0,25.0,7,9,2.0,16,1
S Dube,smat2022_136,7,9,1,77.8,0,0,1,0,55.6,2.0,16,1,8.00,16.0,12.0,0,2,0,16.7,0,0,0,0,0
DJ Mitchell,ipl2022_39,16,24,1,66.7,0,0,0,0,37.5,1.0,7,0,7.00,0,0,0,0,0,33.3,17,20,1.0,20,0
DJ Mitchell,ipl2022_44,17,20,1,85.0,0,0,1,0,35.0,1.0,20,0,20.00,0,0,0,3,1,0.0,32,30,3.0,28,0
DJ Mitchell,ssnz2017_03,32,30,0,106.7,0,0,3,0,23.3,3.0,28,0,9.33,0,0,0,3,0,0.0,8,10,0,0,0
DJ Mitchell,ssnz2017_04,8,10,1,80.0,0,0,1,0,50.0,0,0,0,0,0,0,0,0,0,0,31,27,4.0,24,1
DJ Mitchell,ssnz2017_07,31,27,0,114.8,0,0,2,0,25.9,4.0,24,1,6.00,24.0,24.0,0,1,0,20.8,41,24,3.0,22,3
DJ Mitchell,ssnz2017_09,41,24,1,170.8,0,0,1,3,20.8,3.0,22,3,7.33,7.3,6.0,0,1,1,33.3,27,23,4.0,44,1
DJ Mitchell,ssnz2017_13,27,23,1,117.4,0,0,1,1,34.8,4.0,44,1,11.00,44.0,24.0,0,3,2,25.0,30,13,3.0,28,1
DJ Mitchell,ssnz2017_16,30,13,0,230.8,0,0,2,3,30.8,3.0,28,1,9.33,28.0,18.0,0,3,1,33.3,0,0,4.0,33,2
DJ Mitchell,ssnz2017_19,0,0,0,0,0,0,0,0,0,4.0,33,2,8.25,16.5,12.0,0,3,1,37.5,50,22,2.0,30,0
DJ Mitchell,ssnz2017_24,50,22,0,227.3,1,0,4,4,18.2,2.0,30,0,15.00,0,0,0,3,2,8.3,17,16,2.0,21,0
DJ Mitchell,ssnz2017_28,17,16,1,106.2,0,0,1,0,18.8,2.0,21,0,10.50,0,0,0,2,0,8.3,0,0,1.0,5,0
DJ Mitchell,ssnz2017_32,0,0,0,0,0,0,0,0,0,1.0,5,0,5.00,0,0,0,0,0,33.3,29,17,1.3,7,2
DJ Mitchell,ssnz2018_01,29,17,1,170.6,0,0,0,3,17.6,1.3,7,2,4.67,3.5,4.5,0,0,0,55.6,20,22,1.2,22,0
DJ Mitchell,ssnz2018_04,20,22,1,90.9,0,0,0,1,36.4,1.2,22,0,16.50,0,0,0,1,2,12.5,27,27,0,0,0
DJ Mitchell,ssnz2018_07,27,27,1,100.0,0,0,3,0,44.4,0,0,0,0,0,0,0,0,0,0,69,47,2.0,20,0
DJ Mitchell,ssnz2018_10,69,47,1,146.8,1,0,7,1,17.0,2.0,20,0,10.00,0,0,0,1,2,41.7,9,9,1.0,6,0
DJ Mitchell,ssnz2018_13,9,9,1,100.0,0,0,1,0,44.4,1.0,6,0,6.00,0,0,0,0,0,50.0,49,41,4.0,19,2
DJ Mitchell,ssnz2018_15,49,41,1,119.5,0,0,2,3,36.6,4.0,19,2,4.75,9.5,12.0,0,1,0,50.0,8,9,1.0,7,1
DJ Mitchell,ssnz2018_18,8,9,1,88.9,0,0,0,1,77.8,1.0,7,1,7.00,7.0,6.0,0,0,0,16.7,61,23,0.5,1,0
DJ Mitchell,ssnz2018_22,61,23,1,265.2,1,0,3,6,13.0,0.5,1,0,1.20,0,0,0,0,0,80.0,37,28,2.0,25,0
DJ Mitchell,ssnz2018_27,37,28,1,132.1,0,0,1,3,32.1,2.0,25,0,12.50,0,0,0,3,1,41.7,5,5,1.0,7,1
DJ Mitchell,ssnz2018_32,5,5,1,100.0,0,0,1,0,60.0,1.0,7,1,7.00,7.0,6.0,0,1,0,33.3,12,9,1.0,21,0
DJ Mitchell,ssnz2019_01,12,9,0,133.3,0,0,1,0,11.1,1.0,21,0,21.00,0,0,0,0,3,16.7,0,0,4.0,32,4
DJ Mitchell,ssnz2019_04,0,0,0,0,0,0,0,0,0,4.0,32,4,8.00,8.0,6.0,0,3,1,37.5,28,16,2.0,18,1
DJ Mitchell,ssnz2019_10,28,16,0,175.0,0,0,2,2,25.0,2.0,18,1,9.00,18.0,12.0,0,1,1,25.0,39,26,3.0,31,2
DJ Mitchell,ssnz2019_14,39,26,1,150.0,0,0,3,1,15.4,3.0,31,2,10.33,15.5,9.0,0,2,1,33.3,58,35,0,0,0
DJ Mitchell,ssnz2019_18,58,35,1,165.7,1,0,7,1,22.9,0,0,0,0,0,0,0,0,0,0,13,13,2.0,18,1
DJ Mitchell,ssnz2019_20,13,13,1,100.0,0,0,1,0,30.8,2.0,18,1,9.00,18.0,12.0,0,3,0,33.3,17,11,2.0,22,1
DJ Mitchell,ssnz2019_22,17,11,1,154.5,0,0,1,1,27.3,2.0,22,1,11.00,22.0,12.0,0,4,0,41.7,11,12,2.0,13,1
DJ Mitchell,ssnz2019_26,11,12,1,91.7,0,0,0,0,8.3,2.0,13,1,6.50,13.0,12.0,0,2,0,41.7,40,25,4.0,35,0
DJ Mitchell,ssnz2019_28,40,25,1,160.0,0,0,0,4,32.0,4.0,35,0,8.75,0,0,0,4,0,33.3,71,46,4.0,42,1
DJ Mitchell,ssnz2020_13,71,46,1,154.3,1,0,8,1,21.7,4.0,42,1,10.50,42.0,24.0,0,1,2,20.8,13,15,3.0,21,2
DJ Mitchell,ssnz2020_14,13,15,1,86.7,0,0,0,0,26.7,3.0,21,2,7.00,10.5,9.0,0,1,0,22.2,69,47,4.0,30,2
DJ Mitchell,ssnz2020_16,69,47,1,146.8,1,0,2,1,8.5,4.0,30,2,7.50,15.0,12.0,0,2,1,33.3,34,23,3.0,33,1
DJ Mitchell,ssnz2020_17,34,23,1,147.8,0,0,4,1,30.4,3.0,33,1,11.00,33.0,18.0,0,2,2,22.2,8,7,1.4,10,1
DJ Mitchell,ssnz2020_20,8,7,1,114.3,0,0,1,0,42.9,1.4,10,1,6.00,10.0,10.0,0,0,1,50.0,11,16,3.4,32,0
DJ Mitchell,ssnz2020_23,11,16,1,68.8,0,0,0,0,37.5,3.4,32,0,8.73,0,0,0,4,0,27.3,10,11,3.0,30,0
DJ Mitchell,ssnz2020_25,10,11,1,90.9,0,0,0,0,27.3,3.0,30,0,10.00,0,0,0,5,0,33.3,29,27,3.0,34,1
DJ Mitchell,ssnz2020_28,29,27,1,107.4,0,0,2,1,37.0,3.0,34,1,11.33,34.0,18.0,0,3,2,50.0,88,58,3.0,28,2
DJ Mitchell,ssnz2020_31,88,58,1,151.7,1,0,7,4,22.4,3.0,28,2,9.33,14.0,9.0,0,1,1,38.9,35,24,1.0,4,0
DJ Mitchell,ssnz2020_32,35,24,1,145.8,0,0,2,2,25.0,1.0,4,0,4.00,0,0,0,0,0,50.0,30,22,1.0,6,0
DJ Mitchell,ssnz2021_05,30,22,1,136.4,0,0,3,1,31.8,1.0,6,0,6.00,0,0,0,0,0,50.0,31,19,1.1,16,0
DJ Mitchell,ssnz2021_27,31,19,1,163.2,0,0,4,1,31.6,1.1,16,0,13.71,0,0,0,1,1,0.0,68,39,2.0,17,1
DJ Mitchell,ssnz2021_29,68,39,0,174.4,1,0,5,4,25.6,2.0,17,1,8.50,17.0,12.0,0,0,1,33.3,11,14,3.0,41,0
DJ Mitchell,ssnz2021_31,11,14,1,78.6,0,0,1,0,42.9,3.0,41,0,13.67,0,0,0,3,1,5.6,8,12,2.0,33,1
DJ Mitchell,ssnz2021_32,8,12,1,66.7,0,0,0,1,75.0,2.0,33,1,16.50,33.0,12.0,0,1,4,16.7,29,24,3.0,24,3
DJ Mitchell,t20blast2021_063,29,24,1,120.8,0,0,1,1,25.0,3.0,24,3,8.00,8.0,6.0,0,3,0,27.8,58,36,0,0,0
DJ Mitchell,t20blast2021_066,58,36,1,161.1,1,0,5,3,27.8,0,0,0,0,0,0,0,0,0,0,32,13,4.0,37,3
DJ Mitchell,t20blast2021_077,32,13,1,246.2,0,0,2,3,15.4,4.0,37,3,9.25,12.3,8.0,0,1,2,33.3,12,7,0,0,0
DJ Mitchell,t20blast2021_088,12,7,1,171.4,0,0,0,1,14.3,0,0,0,0,0,0,0,0,0,0,10,16,1.0,9,0
DJ Mitchell,t20blast2021_097,10,16,1,62.5,0,0,1,0,56.2,1.0,9,0,9.00,0,0,0,1,0,16.7,23,16,2.0,24,2
DJ Mitchell,t20blast2021_101,23,16,1,143.8,0,0,1,1,25.0,2.0,24,2,12.00,12.0,6.0,0,4,1,41.7,2,3,0,0,0
DJ Mitchell,t20blast2021_111,2,3,1,66.7,0,0,0,0,33.3,0,0,0,0,0,0,0,0,0,0,43,30,0,0,0
DJ Mitchell,t20blast2021_123,43,30,1,143.3,0,0,1,3,23.3,0,0,0,0,0,0,0,0,0,0,0,0,0,0,0
